Letter,Frequency
the,1937
of,1861
and,1441
a,1305
is,1237
to,1055
groups,947
in,745
that,685
exercises,650
group,560
g,559
we,499
for,475
if,416
subgroup,379
be,371
on,321
an,314
let,313
gtext,309
then,307
are,302
introduction,296
subgroups,293
by,287
amp,276
part,268
isomorphism,250
cyclic,245
theorem,243
not,243
or,239
set,233
this,227
with,224
since,215
have,205
langle,203
element,195
text,192
so,191
normal,181
as,181
sets,180
it,179
h,179
z,177
you,173
all,168
endequation,165
beginequation,165
order,165
cosets,159
i,158
under,158
permutation,154
definition,148
f,147
s,147
binary,144
examples,142
from,137
license,135
isomorphic,135
n,135
r,134
factor,132
notation,131
prove,131
ztext,129
dihedral,128
ii,128
theorems,125
lattices,124
homomorphisms,124
groupsnongroups,123
isomorphisms,121
matter,121
each,120
colophon,118
but,117
contentsprevupnext,116
first,113
every,113
following,112
equivalence,109
b,108
elements,107
there,106
identity,100
phi,100
can,98
thus,97
must,94
ain,92
htext,92
functions,90
k,90
operation,89
rtext,87
may,84
cardinality,83
any,83
do,83
free,82
such,80
left,80
structures,79
some,78
use,77
index,75
has,75
inverse,75
second,73
partitions,73
write,72
relations,71
properties,71
operations,71
proofs,71
structure,71
one,71
weve,70
which,70
lagranges,69
symmetric,69
when,69
documentation,68
t,68
document,67
function,66
multiplication,66
seen,66
gnu,66
homomorphism,65
third,65
cdotrangle,64
definitions,64
conventions,64
abstract,63
defined,63
small,63
pretext,63
sigma,62
world,62
front,61
only,61
back,61
approach,61
alternating,61
proof,60
addition,60
note,60
solutions,60
acknowledgements,60
ntext,60
structural,60
wonderful,60
bibliography,59
focusing,59
firstsemester,59
preface,59
authored,59
summaries,59
algebraa,59
motivation,59
sklar,59
cayleys,59
its,59
preliminaries,59
jessica,59
newcommandamp,58
newcommandgt,58
defqmathbbq,58
declaremathoperatorlcmlcm,58
newcommandlt,58
def0mathbf,58
declaremathoperatorkerker,58
defmmathbbm,58
defnmathbbn,58
defgdotlangle,58
defphibaroverlinephi,58
annotations,58
defsimlsiml,58
defrmathbbr,58
defsimrsimr,58
defzncmathbbzntimes,58
defznmathbbzn,58
skip,58
defgmathcalg,58
contentdefzmathbbz,58
main,58
defcmathbbc,58
abelian,57
show,57
infinite,57
given,55
abin,53
instance,53
onto,53
using,52
rangle,51
q,51
nin,50
example,50
stext,50
need,49
integer,48
xin,47
finite,47
will,47
other,47
also,47
see,46
times,46
relation,46
called,45
clearly,45
define,45
atext,45
e,45
right,44
no,43
subset,43
x,43
next,41
they,41
exists,40
your,40
matrix,40
two,40
gn,39
statement,39
where,39
these,39
section,38
what,38
same,38
version,38
tau,38
more,38
even,37
above,36
at,36
c,35
consider,35
disjoint,35
bijection,35
provide,35
fact,35
finally,35
both,34
zn,34
ttext,34
than,34
numbers,33
know,33
work,32
denote,32
number,32
containing,32
our,32
notice,32
unique,31
permalink,31
solution,31
isnt,31
ab,31
invariant,30
modulo,30
copy,30
associative,30
sections,29
endalign,29
leftrightarrow,29
now,29
y,29
beginalign,29
otherwise,28
cycle,28
welldefined,28
equal,27
gh,27
hence,27
onetoone,27
cdots,27
many,27
commutative,26
hleq,26
contains,26
arangle,26
us,26
say,26
u,26
a1,25
closed,25
qtext,25
positive,25
list,25
find,25
indeed,25
while,25
product,24
form,24
d,24
etext,24
proper,24
itself,24
sn,23
permutations,23
distinct,23
exactly,23
another,23
means,23
title,23
out,22
particular,22
assume,22
ker,22
table,22
simeq,22
does,22
case,22
texts,21
nz,21
pm,21
copies,21
integers,21
used,21
however,21
zntext,21
glnr,21
follows,21
btext,20
classes,20
about,20
ldots,20
gsimeq,20
written,20
whose,20
z4,20
hlangle,20
exercise,20
should,20
general,19
m2r,19
reader,19
make,19
coset,19
partition,19
because,19
well,19
why,19
odd,18
exist,18
subseteq,18
here,18
those,18
their,18
denoted,18
copyright,18
congruent,17
modified,17
identify,17
m,17
endbmatrix,17
cannot,17
map,17
way,17
course,16
rather,16
cover,16
turns,16
sntext,16
ftext,16
xyin,16
image,16
equivn,16
composition,16
beginbmatrix,16
would,16
phibar,16
want,16
already,16
ah,16
suppose,16
nonabelian,16
very,16
give,16
them,16
how,16
neq,16
disprove,15
simply,15
sim,15
additive,15
countable,15
contain,15
hold,15
line,15
ai,15
true,15
s3,15
atimes,15
inverses,15
therefore,15
hunlhd,15
epimorphism,15
phitext,15
ktext,15
leq,15
countably,15
whether,15
nontrivial,14
different,14
words,14
again,14
distribute,14
xtext,14
desired,14
just,14
throughout,14
simr,14
entitled,14
being,14
moreover,14
class,14
up,14
documents,14
dn,14
check,14
eg,14
important,14
hin,14
were,14
cases,14
respectively,14
below,14
include,14
nunlhd,14
least,13
generally,13
omit,13
d3,13
cancellation,13
gs,13
less,13
own,13
siml,13
works,13
m2rtext,13
det,13
before,13
instead,13
software,13
uncountable,13
divides,13
between,12
end,12
shows,12
time,12
correct,12
mbox,12
known,12
gcirc,12
explanations,12
multiplicative,12
vdots,12
v,12
writing,12
refer,12
gntext,12
matrices,12
utext,12
preserve,12
prooflet,12
sa,12
problem,12
s1,12
zg,12
invertible,12
acts,12
pi,12
over,12
add,11
straightforward,11
similarly,11
subsets,11
ngeq,11
without,11
most,11
arangletext,11
real,11
a2,11
ctext,11
pointwise,11
versions,11
tin,11
decide,11
remember,11
convention,11
s3text,11
namely,11
special,11
usually,11
published,11
rangletext,11
look,11
said,11
public,11
associativity,11
page,11
glnrtext,11
provided,11
ytext,11
sense,11
three,10
groupsâ¶,10
context,10
call,10
yin,10
sin,10
mod,10
truefalse,10
identical,10
get,10
original,10
trivial,10
always,10
specific,10
solutionlet,10
permission,10
name,10
bin,10
prime,10
exercise1,10
multiplying,10
zin,10
exercise2,10
exercise3,10
publisher,10
maps,10
exercise4,10
fsto,10
could,10
conditions,10
statements,10
doesnt,9
power,9
noncyclic,9
divide,9
slnr,9
iin,9
answers,9
though,9
preimage,9
either,9
domain,9
lemma,9
wed,9
frontcover,9
abtext,9
hatext,9
rrangle,9
similar,9
zrangle,9
mathematical,9
sure,9
orders,9
backcover,9
equation,9
holds,9
study,9
circ,9
gl2r,9
argument,9
claim,9
reflexive,9
axioms,9
exercise5,9
collection,9
standard,9
facts,9
familiar,9
complete,9
covers,9
property,9
d4,9
tables,9
infinitely,9
obtain,9
etc,9
transpositions,9
transparent,9
s1text,9
last,8
further,8
generators,8
unless,8
discussing,8
transitive,8
clear,8
compute,8
titles,8
via,8
cdot,8
z6text,8
necessarily,8
akin,8
kernel,8
ahbh,8
described,8
lambdaa,8
z4text,8
z22,8
andor,8
greater,8
later,8
nztext,8
p,8
hsubseteq,8
related,8
mean,8
whenever,8
hand,8
emptysettext,8
slnrtext,8
recall,8
proofwe,8
equals,8
into,8
asiml,8
indicate,8
authors,8
philangle,8
drangle,8
long,8
frangle,8
symmetries,8
aneq,8
was,8
book,8
bn,8
useful,8
inftytext,8
sometimes,8
material,7
mapsto,7
after,7
equivalent,7
default,7
structurally,7
hain,7
z2,7
equipped,7
been,7
holder,7
ldotstext,7
apply,7
fr,7
idea,7
mmc,7
house,7
cells,7
uncountably,7
cycles,7
certain,7
suffices,7
âhistoryâ,7
copying,7
common,7
terms,7
word,7
conjugation,7
xytext,7
notices,7
c1,7
bijections,7
fin,7
state,7
down,7
dont,7
explicitly,7
gcdotrangle,7
unlhd,7
srangle,7
psi,7
nzrangle,7
g2,7
test,7
gdot,7
lt,7
think,7
commutes,7
directly,7
answer,7
thats,7
disclaimers,7
exercise6,7
generator,7
previous,6
sides,6
complex,6
made,6
rightarrow,6
fgin,6
continuous,6
pair,6
like,6
hnotleq,6
sgtext,6
unavailable,6
z18,6
connecting,6
hneq,6
phigto,6
sto,6
rights,6
reflection,6
idempotent,6
adet,6
twostep,6
abcin,6
theta,6
fs,6
fs1fs2text,6
lets,6
possible,6
r2,6
mutually,6
zero,6
new,6
draw,6
zgtext,6
n1,6
denotes,6
sigmatext,6
natural,6
future,6
rational,6
range,6
things,6
asubseteq,6
modify,6
rin,6
mathematician,6
gin,6
added,6
mathematicians,6
ghtext,6
svg,6
actually,6
nonzero,6
min,6
emptyset,6
formats,6
d4langle,6
acap,6
remainder,6
mnrdet,6
endarray,6
rz,6
included,6
foundation,6
describe,6
anin,6
working,6
opaque,6
beginarraycc,6
verbatim,6
help,6
browser,6
ak,6
kin,6
satext,6
objects,6
algebra,6
asimr,6
lattice,6
arbitrary,6
render,6
uvin,6
replace,6
warranty,6
antext,6
xy,6
ca,5
conversely,5
acup,5
xr,5
various,5
equivalently,5
resp,5
z3text,5
z2text,5
implies,5
lambda,5
phihtext,5
essentially,5
regular,5
kcycle,5
exercise7,5
solve,5
monomorphism,5
ab1in,5
rn2,5
sameâ,5
indicated,5
znlangle,5
solutionwe,5
proving,5
row,5
uin,5
location,5
center,5
imply,5
ask,5
else,5
beginpmatrix1amp,5
canonical,5
z8,5
violation,5
cant,5
textand,5
ein,5
defining,5
geq,5
together,5
present,5
able,5
plane,5
itext,5
modifications,5
endpmatrix,5
qin,5
hamp,5
mapping,5
d4text,5
pa,5
houses,5
translation,5
vertical,5
respective,5
jtext,5
âthe,5
conventional,5
item,5
srangletext,5
gl2rtext,5
careful,5
fsttext,5
dz,5
often,5
proven,5
divisor,5
ahhatext,5
ijin,5
hnn,5
union,5
format,5
pirangle,5
mentioned,5
infty,5
z15,5
hint,5
notin,5
member,5
hn,5
site,5
considered,5
law,5
codomain,5
discuss,5
conjecture,5
information,5
i2in,5
irangle,5
ways,5
reference,5
printed,5
usual,5
previously,5
setbuilder,5
ha,5
phia1phia1text,5
combine,5
glangle,5
sends,5
commute,5
provides,5
dntext,5
saw,5
single,5
midpoint,5
named,5
fcirc,5
3text,5
2rangle,5
subject,4
stated,4
braces,4
23rangle,4
phiaphibtext,4
year,4
rotation,4
secondary,4
z8text,4
z6times,4
doing,4
rcdotrangle,4
modification,4
bmntext,4
2ldots,4
empty,4
abelianness,4
n2,4
gz15text,4
j,4
explore,4
phig,4
permanently,4
simtext,4
z8times,4
eitheta,4
zqr,4
gd4,4
rightin,4
i12ldots,4
legibly,4
really,4
preceding,4
a1bin,4
derivatives,4
edition,4
probably,4
bsiml,4
having,4
zm,4
difference,4
kerphi,4
pqtext,4
oa,4
anbnin,4
axiom,4
nc,4
diagonal,4
determine,4
differentiable,4
gto,4
network,4
brangletext,4
gctext,4
improper,4
letting,4
input,4
readers,4
available,4
l,4
introduce,4
âsuch,4
thatâ,4
never,4
zcdotrangle,4
discussed,4
g3,4
stating,4
kker,4
âacknowledgementsâ,4
gtto,4
themselves,4
rna,4
letters,4
xyz,4
german,4
epsilon,4
sufficient,4
sigma1,4
within,4
satisfy,4
key,4
congruence,4
valid,4
âendorsementsâ,4
parts,4
follow,4
5zamp,4
linear,4
saying,4
parentheses,4
induction,4
solutiondefine,4
applying,4
conclude,4
pabc,4
released,4
z22text,4
summarize,4
might,4
mathematics,4
s1s2text,4
applies,4
ahbhabh,4
recommend,4
showing,4
aggregate,4
clock,4
whole,4
typically,4
gk,4
aketext,4
prooffirst,4
fabtext,4
akbk,4
noted,4
fixes,4
rhoa,4
colon,4
try,4
suitable,4
symmetry,4
gets,4
along,4
d3text,4
residue,4
picture,4
basic,4
symbol,4
column,4
hpm,4
looking,4
nsubseteq,4
xequivn,4
vertices,4
klein,4
filling,4
s2,4
complicated,4
âdedicationsâ,4
referring,4
goal,4
cyclicity,4
z1,4
3rangle,4
object,4
mnrtext,4
grtext,4
publish,4
hlt,4
until,4
indices,3
swapping,3
bars,3
swaps,3
rigorous,3
bamp,3
inherited,3
bigcapiin,3
meaning,3
phibaranphia,3
rn2in,3
dtext,3
read,3
phixextext,3
fit,3
me,3
arent,3
iii,3
focus,3
phiegtext,3
draft,3
five,3
makes,3
tau1,3
dznzlangle,3
a1text,3
members,3
method,3
medium,3
s8a8,3
formula,3
32text,3
placed,3
implying,3
âdefinitionâ,3
requirement,3
rn,3
a1a2ldots,3
please,3
requires,3
entry,3
technically,3
entity,3
ordered,3
phixxtext,3
entire,3
xsim,3
fix,3
ensure,3
enough,3
tell,3
textbook,3
slnrcdotrangle,3
appear,3
terminology,3
ofâ 1,3
s6,3
proofassume,3
markup,3
anything,3
s5,3
5zlangle,3
taui,3
everyone,3
easily,3
easy,3
ready,3
multiple,3
mmtimes,3
proved,3
4rangle,3
indicates,3
much,3
frtext,3
mtext,3
required,3
taurangle,3
gztext,3
mnr,3
position,3
applications,3
images,3
manual,3
bh,3
egtext,3
prominent,3
manuals,3
mnin,3
a1b1,3
inin,3
fr2,3
satisfies,3
respects,3
fn,3
bnlt,3
12ldots,3
curly,3
cumbersome,3
ns,3
large,3
operating,3
actual,3
nor,3
verify,3
chapter,3
latter,3
patext,3
type,3
fhrangle,3
relatively,3
algebraic,3
cos,3
corresponding,3
z24langle,3
correctly,3
grangletext,3
passage,3
rztext,3
expression,3
ggl2rtext,3
abuse,3
k1,3
worry,3
access,3
qrangle,3
stands,3
deal,3
ddots,3
solutionsince,3
gglnrtext,3
author,3
translations,3
allow,3
solutionthe,3
yourself,3
language,3
versionâ,3
assigns,3
nonisomorphic,3
sigma134text,3
notations,3
gives,3
z20,3
componentwise,3
fails,3
principal,3
ato,3
something,3
concepts,3
concept,3
operated,3
xamp,3
z12z,3
z12langle,3
choose,3
combination,3
far,3
listed,3
sentence,3
sent,3
commutativity,3
z12,3
combined,3
responsible,3
confuse,3
seem,3
coincidence,3
considering,3
put,3
si,3
shown,3
cin,3
circle,3
limited,3
hntext,3
november,3
prior,3
sharing,3
contradiction,3
clockwise,3
specified,3
contained,3
result,3
fgxfxgx,3
uniquely,3
consisting,3
sg,3
too,3
declaring,3
cartesian,3
direct,3
fxx2text,3
detabdet,3
practice,3
axb,3
designed,3
exercise8,3
describing,3
exercise9,3
derivative,3
neither,3
o2langle,3
s3n,3
i2,3
solutionother,3
r2text,3
stimes,3
c0,3
precisely,3
revised,3
differ,3
intersection,3
representative,3
i2text,3
bntext,3
dnzrangletext,3
rangletimes,3
painted,3
a2cdots,3
n3,3
prooffor,3
hcap,3
phia,3
ksubseteq,3
na,3
distribution,3
distinguishing,3
distinguish,3
except,3
phih,3
option,3
names,3
simple,3
hz,3
stin,3
r2rangle,3
invariants,3
abc,3
generates,3
nk,3
theory,3
abcd,3
outside,3
rho,3
cardinalities,3
theta1,3
sigmaa1,3
proofthe,3
amlt,3
html,3
theyre,3
z8langle,3
question,3
quantity,3
explain,3
intuitively,3
o,3
reinstated,3
c1text,3
representation,3
theoremâ 333,3
z6,3
ngon,3
theoremâ 6510,3
aware,3
abbatext,3
start,3
zdntext,3
fixing,2
had,2
fghxamp,2
figure,2
klangle,2
interest,2
rho5678text,2
isomorphismsâ¶,2
figure2217â©,2
sabcd,2
fixed,2
s8text,2
likewise,2
finitely,2
h1i1i,2
release,2
kind,2
h2langle,2
sole,2
interval,2
lie,2
solutionclearly,2
rho2,2
introduced,2
san,2
rightkin,2
fgtttext,2
rfr2frfr,2
solutionby,2
h6z,2
keep,2
hahb,2
gg3text,2
rules,2
generated,2
helpful,2
henceforth,2
her2,2
hsigmain,2
grtor,2
generic,2
s2in,2
hr,2
hqtoq,2
getext,2
sigma2,2
lead,2
hetext,2
leave,2
gs3,2
returning,2
g2z,2
representatives,2
s3langle,2
legal,2
i1i1,2
lambdaabxamp,2
rright,2
hxx2text,2
gcdotrangletext,2
hxjx,2
sigmai,2
leftleft,2
leftlangle,2
gcdmn1text,2
kernels,2
gg1times,2
gg4text,2
s3n2text,2
gh1text,2
rest,2
sgml,2
good,2
ldefine,2
s1s2,2
laws,2
glnrslnr,2
glt,2
gmnrtext,2
gngn,2
server,2
separate,2
segment,2
sending,2
gnsimeq,2
s123,2
gln,2
resulting,2
hgtext,2
gh2text,2
ghghtext,2
hglnr,2
griffith,2
ghgtext,2
ghktext,2
greatest,2
gl2rto,2
granted,2
results,2
grangle,2
grammatically,2
gktext,2
hhcap,2
sigmatau,2
g1text,2
rigorously,2
level,2
respect,2
fr3text,2
incorporated,2
lfloor,2
fraleigh,2
includes,2
rlangle,2
frangletext,2
km,2
in1text,2
freedom,2
remainders,2
rlt,2
improperâof,2
slick,2
hahtext,2
fr2f,2
h04812,2
relevant,2
fn2ntext,2
ineq,2
followed,2
induced,2
says,2
individual,2
s6text,2
rise,2
formatters,2
former,2
h0510,2
snsigmamm,2
independent,2
kleq,2
frequently,2
impossible,2
g1g2ldots,2
implicitly,2
full,2
ideas,2
republish,2
iaixin,2
iai,2
guess,2
reprinted,2
fundamentally,2
i2rangle,2
fx,2
fxamp,2
fxgxhxamp,2
rows,2
fztoz,2
g1g,2
idempotents,2
gxx2text,2
gz,2
require,2
immediately,2
frontmatter,2
imagine,2
s4text,2
s4,2
six,2
situation,2
identified,2
siteâ,2
hbtext,2
igeq,2
rob,2
ie,2
role,2
h3text,2
isin,2
fg,2
checking,2
numbering,2
zqrc,2
catext,2
void,2
phia1,2
powerful,2
lines,2
psiiin,2
a2b21a1b1in,2
cayley,2
cdotrangletext,2
zsim,2
a2b2,2
a2b1,2
zsimeq,2
cell,2
phia1phiaamp,2
chance,2
change,2
changing,2
ztimes,2
variety,2
values,2
value,2
zto,2
a4,2
nzleq,2
zntimes,2
brangle,2
bigcupiin,2
provedisprove,2
bill,2
bk,2
bleft,2
oalpha,2
proves,2
booksmathematicians,2
oablcmcdtext,2
bphiaphib,2
bracket,2
oa1text,2
a4etext,2
brief,2
british,2
providing,2
ab1,2
oa1leq,2
bsubseteq,2
pqpq1text,2
c0rangle,2
phi1,2
aa1a2ldots,2
phi1acdotbphi1acdotphi1btext,2
characteristics,2
choice,2
bhb1text,2
pstext,2
concision,2
nothing,2
postscript,2
a1in,2
cong,2
unit,2
consists,2
notedwe,2
understanding,2
publishers,2
understand,2
a1ha2h,2
unclear,2
portion,2
unambiguously,2
unaltered,2
preliminary,2
purpose,2
copied,2
phiadet,2
uleft,2
copyleft,2
copyrightable,2
corollary,2
a1b2,2
concisely,2
concerned,2
computing,2
zwin,2
notsimeq,2
ptext,2
a1times,2
closure,2
uuvv,2
code,2
uuutext,2
colleague,2
collections,2
colophoncolophon,2
colors,2
come,2
unordered,2
commercially,2
zwzw,2
commonly,2
commons,2
notion,2
uppertriangular,2
publicly,2
compilation,2
uppermost,2
noting,2
compose,2
bhtext,2
bhb1subseteq,2
ugin,2
yab,2
z12text,2
aiajtext,2
z10times,2
z10,2
abcn,2
pageâ,2
pages,2
yx,2
aker,2
aleft,2
alex,2
yr,2
algorithm,2
pab,2
almost,2
alpha12145,2
yields,2
am,2
yet,2
yesno,2
yes,2
problems,2
processing,2
overall,2
processors,2
ahtext,2
z13,2
paragraph,2
abe,2
z5text,2
z6z,2
abxamp,2
z52,2
pdf,2
accept,2
z5,2
z4times,2
perhaps,2
abeginbmatrixa,2
z3z,2
z2xxin,2
z14z,2
adjacent,2
z2in,2
z25,2
parties,2
z1z2gamp,2
z1in,2
aha1subseteq,2
ahatext,2
abctimes,2
ahha,2
ahhhatext,2
anb,2
others,2
beyond,2
xyzâ,2
abab1,2
asubsetneq,2
online,2
proofsuppose,2
once,2
old,2
proofthis,2
ab2text,2
axa1aya1,2
azza,2
b1hb2htext,2
wont,2
ofri2,2
ba,2
ab2,2
batext,2
zgz,2
bb1b2ldots,2
bc,2
proprietary,2
precise,2
becomes,2
oatext,2
beta,2
better,2
zggz,2
xcap,2
opiinftytext,2
apm,2
z8timestext,2
ann,2
products,2
otau,2
profoundly,2
program,2
xylogx,2
permit,2
xy1in,2
abba,2
anybody,2
appearance,2
abactext,2
appears,2
appendix,2
zdtext,2
orho,2
applied,2
organization,2
proofdefine,2
xnm,2
xneq,2
xml,2
asat,2
points,2
absqrtab,2
divisible,2
35434rangle,2
23text,2
divisors,2
n11subseteq,2
sufficiently,2
done,2
dotted,2
drangletext,2
rcirc,2
dtd,2
readerwe,2
multiply,2
reading,2
ed,2
edit,2
multiauthor,2
mtimes,2
eee,2
reasonable,2
egin,2
superset,2
moment,2
âx,2
phigtext,2
dividing,2
sublicense,2
determinant,2
machinereadable,2
exampleâ 3315,2
studying,2
determining,2
nd,2
âobviousâ,2
nature,2
âoperationâ,2
refers,2
phiglnrto,2
matches,2
2text,2
disjointness,2
2ldotsntext,2
distance,2
math,2
2ldotsn,2
âproductâ,2
divided,2
eh,2
eitheta1eit1,2
th,2
t1,2
mn50,2
evenly,2
mn,2
examine,2
systems,2
phiiaitext,2
taudelta4,2
20circ,2
1times,2
mind,2
equipping,2
âtitle,2
tau23145text,2
tau2,2
âtransparentâ,2
methods,2
tau1in,2
âusualâ,2
1ldots,2
1introduction,2
equiv2,2
symbols,2
phiiphijtext,2
endbmatrixabcin,2
reasonably,2
eithetain,2
electronic,2
textsâ,2
surprisingly,2
textby,2
elsewhere,2
modding,2
enclose,2
termination,2
matters,2
âsizeâ,2
terminate,2
mns,2
telling,2
technical,2
receipt,2
tautext,2
equally,2
received,2
t2,2
details,2
necessity,2
transitivity,2
traits,2
dadet,2
david,2
days,2
false,2
specifically,2
nonempty,2
tools,2
factorization,2
relationships,2
specifies,2
none,2
noncommercially,2
a0,2
through,2
thought,2
little,2
thetain,2
8text,2
lives,2
8in,2
phiaphibamp,2
d6simeq,2
quite,2
nonidentity,2
corollaryâ 7310,2
corporation,2
correct4,2
correspondence,2
corresponds,2
twoelement,2
few,2
a1ac,2
q1q2,2
a1abamp,2
tto,2
listing,2
creative,2
nonnormal,2
phiamp,2
cz41,2
transposition,2
d4htext,2
phiaphib,2
d5,2
d5text,2
exampleâ 735,2
fababtext,2
relationship,2
explanation,2
expressions,2
âcyclicâ,2
delete,2
pinnin,2
denominator,2
exploring,2
denoting,2
depends,2
states,2
theoremâ 129,2
negative,2
âmassive,2
phieamp,2
11text,2
stextâ,2
regarding,2
phiz,2
designated,2
theoremâ 1211,2
degree,2
âentitled,2
524rangle,2
nleq,2
nlangle,2
âdifferentâ,2
r1,2
place,2
load,2
theoremâ 727,2
5text,2
nice,2
take,2
4ztext,2
4text,2
f140,2
f0r0etext,2
extremely,2
nfin,2
phisubseteq,1
phirto,1
phirsei2pi,1
phisigma,1
retitle,1
phistphisphittext,1
phisigmaain,1
return,1
rho13text,1
phis,1
point,1
phit,1
placement,1
phrase,1
piin,1
pimn,1
pipi0notin,1
pixels,1
piz,1
rfloor,1
rffr2,1
piztext,1
rffr2text,1
potential,1
prefacepreface,1
plain,1
plan,1
plantz,1
rffrn1,1
rffrn1neq,1
play,1
potatoes,1
possesses,1
plus,1
pmsqrt5,1
rffr1text,1
phizto,1
phiztext,1
phiznto,1
rfr2frfrrfr2fr1r2fr,1
review,1
phitextwe,1
precision,1
revising,1
revisions,1
phix2x,1
phix2xtext,1
png,1
revisit,1
phixin,1
preamble,1
phixnxtext,1
rffr1frn1,1
rfloortext,1
pqpq1qp1,1
phixyexyexeyphixphiy,1
phixynxynxnyphixphiy,1
pqin,1
phixyxyxyphixphiytext,1
pp,1
political,1
reordering,1
retailers,1
r2hr2fr2text,1
remark2613,1
r2rangle824text,1
r2s,1
remark256,1
remark2513,1
remark2512,1
remark246,1
rho35812text,1
r300text,1
remark232,1
remark214,1
r3172text,1
remark212,1
r341text,1
remark138,1
remark2617,1
r1ffr1text,1
r3hr3,1
remark263,1
qptext,1
remark5111,1
qs,1
qualify,1
remark415,1
remark334,1
quickly,1
quotes,1
quotient,1
r0text,1
r11,1
r1erfr3e,1
remark323,1
remark313,1
remark269,1
r351text,1
remark135,1
preserved,1
recurrence,1
releasing,1
redistribute,1
redistributing,1
reduced,1
reference1,1
references,1
referred,1
reflect,1
reflexivity,1
regardless,1
regards,1
rei2pi,1
relate,1
relating,1
relationwe,1
red,1
recommended,1
r3t,1
relicensing,1
r42r2,1
rabbit,1
rangle248text,1
remark124,1
rangle3,1
rangle4886text,1
remark119,1
rangle60106text,1
rangle60text,1
remark,1
remains,1
reasoning,1
remain,1
relicensingâ,1
relicensingaddendum,1
remark5120,1
remark5122,1
qedhere,1
proofto,1
properties26examples,1
propertiesâ¶,1
protocols,1
requested,1
reproduced,1
represents,1
represented,1
provingdisproving,1
provisionally,1
proxy,1
proxys,1
prudent,1
ps2ntext,1
represent,1
replacing,1
proofyou,1
requiring,1
remark513,1
proofstatements,1
preserves,1
prevail,1
primarily,1
principally,1
responsibility,1
privacy,1
produced,1
programs,1
progressive,1
proof5,1
proofcase,1
proofclearly,1
proofif,1
proofsince,1
resort,1
psiaphibarpsiaphibaranphia,1
replaced,1
psiggn,1
psigto,1
publicstandard,1
remark656,1
remark652,1
publishes,1
remark645,1
remark644,1
puget,1
remark629,1
purposes,1
remark626,1
remark622,1
putting,1
remark6212,1
remark619,1
remark516,1
remark7110,1
remark7114,1
remark714,1
remark732,1
repeated,1
rendering,1
remove,1
remark919,1
remark738,1
psiphiacdot,1
psiphiacdotphibamp,1
publicity,1
psiphiacdotpsiphibamp,1
remark728,1
psiphitext,1
remark723,1
remark7214,1
remark717,1
0022â â thomas,1
stqnrtext,1
rhoagto,1
warning218,1
warning2518,1
warning253,1
warning255,1
warning2611,1
warning2614,1
warning332,1
warning336,1
warning412,1
warning5126,1
warning614,1
warning6210,1
warning6218,1
warning659,1
warning7211,1
warning837,1
warranties,1
web,1
weirdfinally,1
welcome,1
warning2510,1
warning2112,1
xna,1
warning132,1
vague,1
vector,1
verifying,1
version5,1
versus,1
viewed,1
visible,1
visual,1
vnotsimeq,1
volume,1
voluminous,1
vsubseteq,1
vtext,1
vz22,1
w,1
wait,1
warned,1
warning1113,1
warning116,1
welldefinedthe,1
wesley,1
whatsoever,1
whistles,1
x2xin,1
x3,1
xa1b,1
xa1hhtext,1
xa1in,1
xah,1
xai,1
xaiartext,1
xaitext,1
xaxis,1
xcf,1
xcoordinates,1
xe,1
xeexx,1
xfirjin,1
xh1n1,1
xha1haha1haa1hh,1
xha1hxa1h,1
xhahtext,1
x2text,1
x2geq,1
x2a,1
wiley,1
who,1
whoever,1
whybut,1
wide,1
widely,1
wiki,1
wild,1
wildly,1
wonder,1
x1x2text,1
workâ,1
worldwide,1
wrapping,1
writers,1
writes,1
x123h,1
x1phia1phia1,1
x1x2,1
uvuvuvtext,1
uvuvamp,1
uvuv,1
title9,1
theoremâ 5114,1
theoremâ 812,1
theoremâ 914,1
theoremâ¶,1
therein,1
theres,1
theta1theta2,1
theta1theta2t1t2,1
theta2,1
theta2in,1
theta2t2,1
thetaacdot,1
thetaacdotthetabamp,1
thetagto,1
thetapsi,1
thetatext,1
thing,1
thinking,1
thwart,1
theoremâ 5113,1
theoremâ 5112,1
theoremâ 333isomorphic,1
theorem921second,1
theorem836,1
theorem911,1
theorem9110,1
theorem9111,1
theorem913factorization,1
theorem914,1
theorem915first,1
theorem918,1
theorem922third,1
theoremâ 262,1
theorem92the,1
theorems93exercises,1
theoremsâ¶,1
theoremâ,1
theoremâ 137,1
theoremâ 2113,1
theoremâ 219,1
theoremâ 2517,1
timethe,1
titleâ,1
uv2uvuvu2v2uv,1
tone,1
um,1
undefined,1
understandable,1
understood,1
unfortunately,1
university,1
universitysklarjkpluedu,1
unlimited,1
unmodified,1
unnecessarily,1
unpacking,1
unrelated,1
unwise,1
updated,1
upperright,1
upâ,1
usefulness,1
users,1
uv,1
ultimate,1
uh,1
ubiquitous,1
tricky,1
top,1
total,1
traditional,1
translated,1
translates,1
treated,1
triangle,1
trickier,1
triples,1
u1utext,1
turn,1
twice,1
twosided,1
twostory,1
types,1
typesetting,1
u12u2etext,1
u1in,1
xmapsto,1
xnot,1
rhoatext,1
âa1bin,1
âadditionâ,1
âaggregateâ,1
âaâ,1
âbags,1
âbigâ,1
âcantors,1
âccbysaâ,1
âcenterâ,1
âcircleâ,1
âcollectionâ,1
âcombiningâ,1
âcommonâ,1
âconjugation,1
âcopyleftâ,1
âcover,1
âdocumentâ,1
âeligible,1
âendorsementsâ6,1
âfourgroupâ,1
âabelianâ,1
âa,1
xnotin,1
â,1
znotsimeq,1
zntextwe,1
zntimescdotn,1
znz,1
zrangletext,1
zrangletext6,1
zrangletexta,1
zright,1
zrtor,1
ztextit,1
zuckerman,1
zx,1
zx0,1
zxfxamp,1
zytext,1
zz1z2text,1
zztext,1
â5,1
â6,1
âfreeâ,1
âg,1
âgeneratedâ,1
âgnu,1
âruleâ,1
ârussells,1
âsecondary,1
âsendâ,1
âsizesâ,1
âsizeâwe,1
âstartâ,1
âstructurepreservingâ,1
âstâ,1
âtheâ,1
âvierergruppeâ,1
âweak,1
âwithâ¦,1
âyouâ,1
âzahlenâ,1
âzentrumâ,1
â â ivan,1
â â john,1
â©,1
âpublisherâ,1
âpreserve,1
âoutsideâ,1
âmmc,1
âgood,1
âgreatest,1
âif,1
âincorporateâ,1
âinheritedâ,1
âinvariant,1
âisomorphismâwe,1
âmatch,1
âmmcâ,1
âorderâ,1
âmodified,1
âmostâ,1
âmoveâ,1
âmultiplicationâ,1
âmultiplyingââeven,1
ânumbersâ,1
âopaqueâ,1
âor,1
znnrangle,1
zngcdan1text,1
zngcdan1,1
yy,1
yaba1aba1abebtext,1
yabtext,1
yaj,1
yba1text,1
ybh,1
years,1
yellow,1
yequivn,1
yequivnztext,1
yh2n2in,1
yhnn,1
yhnphihtext,1
ynbtext,1
youll,1
youre,1
yphib,1
yr3jf2i,1
ysim,1
yxnqtext,1
y2btext,1
y23htext,1
xzxyyznq1nq2nq1q2,1
xy1h1n1h2n21h1n1n21h21,1
xnxin,1
xphia,1
xphirtext,1
xry,1
xx,1
xx4text,1
xxtext,1
xy123h23h12323h12hhneq,1
xy2a2b2abin,1
xyzin,1
xyahbhabh13132h23h,1
xyaiajaijin,1
xyamp,1
xynanbnabin,1
xynq1,1
xynqtext,1
xyphiaphibphiab,1
xyyxetext,1
yxtext,1
yznq2text,1
znd,1
z0149ldotstext,1
z5z5,1
z6rangle,1
z6z2z6z3,1
z6z3text,1
z6ztext,1
z86848,1
z8rangle,1
z8timeswe,1
zainiin,1
zamp,1
zeros,1
zfx,1
zgamp,1
zggztext,1
zgleq,1
zgzin,1
zlangle,1
zldots,1
zn012ldotsn1ntext,1
z52textgeneralizing,1
z501234,1
z4rangletext,1
z1gz2amp,1
z12s,1
z12z3,1
z12z6z12z,1
z14,1
z15langle,1
z15text,1
z1aaz1text,1
z1gz2,1
z1text,1
z4notsimeqz8timestext,1
z20h4text,1
z20text,1
z2textin,1
z2ztextwhat,1
z3textthis,1
z3ztext,1
z4and,1
z4notsimeq,1
theorem834,1
theorem8315,1
theorem8313,1
seen28exercises,1
sei2pi,1
separated,1
serious,1
sets72introduction,1
setsif,1
setsthe,1
short,1
shorthand,1
shortly,1
showed,1
sicap,1
side,1
sigma1223,1
sigma123text,1
sigma132346text,1
sigma13246,1
sigma1atext,1
sigma1in,1
sigma1tausigma,1
seenâ¶,1
seeing,1
theorem8310,1
sectionâ,1
section53exercises,1
section61introduction,1
section62symmetric,1
section63alternating,1
section64cayleys,1
section65dihedral,1
section66exercises,1
section71partitions,1
section72introduction,1
section73the,1
section74exercises,1
section81motivation,1
section82focusing,1
section83introduction,1
section84exercises,1
section91the,1
section92the,1
section93exercises,1
sectionsâ,1
sigma1text,1
sigma213,1
sigma243,1
sigma2text,1
similarity,1
simltext,1
simpler,1
simrtext,1
sineq,1
sinftytext,1
sitext,1
sixyearolds,1
sj,1
sketch,1
sketches,1
sklardepartment,1
sl5r,1
sln,1
slnrmin,1
slnrunlhd,1
smallest,1
sn1text,1
snan2text,1
silly,1
significant,1
sigmaxztext,1
sigmadeltastar,1
sigma3,1
sigma44,1
sigma4star,1
sigmaa1a2cdots,1
sigmaa1aka1ak1cdots,1
sigmaaatext,1
sigmaaiai1,1
sigmaaka1text,1
sigmaj,1
sigmaxx,1
sigmam,1
sigmamtext,1
sigmarangletext,1
sigmas,1
sigmasigma1,1
sigmastardelta,1
sigmatauatext,1
sigmatextnote,1
section52the,1
section51introduction,1
section43exercises,1
s1gfs1gfs2s2,1
royaltyfree,1
rphix111n,1
rrangletext,1
rs,1
rsei2pi,1
rsin,1
rtext2,1
rtext3,1
rtimes,1
rto,1
russell,1
russells,1
rzinftytext,1
rzsimeq,1
s0,1
s0text,1
s100text,1
s12fs1fs2s22text,1
s12s22,1
rotate,1
rooms,1
rnote,1
rightpm,1
rhoaxxatext,1
rhorangletext,1
rhrfr3text,1
ri1ffri1,1
ri2pi,1
riffri,1
rifrri1frfri1rfri1fr1ri1fri,1
rightleftpi,1
righttoleft,1
rnabtext,1
rings,1
risky,1
rk,1
rn0arna,1
rn2ffrn21frnn2frn2,1
rnabc,1
rnabn,1
rnabrnbabn,1
s1eitheta,1
s1neq,1
section42subgroup,1
s1s2in,1
screen,1
secondarily,1
section11setsâ¶,1
section12functionsâ¶,1
section13cardinalityâ¶,1
section14exercises,1
section21binary,1
section22exercises,1
section23the,1
section24examples,1
section25group,1
section26examples,1
section27summaries,1
section28exercises,1
section31groups,1
section32definitions,1
section33isomorphic,1
section34exercises,1
section41introduction,1
scowl,1
scope,1
sbtextthus,1
s9text,1
s3h3text,1
s3htext,1
s3q,1
s4textwe,1
s5hs5h120260,1
s6720text,1
s6ks6k7202360,1
s6text8,1
sa11,1
sbsimeq,1
sa22,1
sacircrangle,1
sadly,1
sainfty,1
santext,1
sasimeq,1
save,1
sbigcupiin,1
sntext4,1
sntext5,1
sntextwe,1
theorem333,1
textnotice,1
textthe,1
textual,1
tfsqrtttext,1
thank,1
theorem1210,1
theorem1211,1
theorem129,1
theorem137,1
theorem2113,1
theorem219,1
theorem244,1
theorem245,1
theorem251,1
theorem2516,1
theorem2517,1
theorem2519,1
theorem262,1
theorem266division,1
textain,1
texinfo,1
terminates,1
taurangletext,1
tau2617text,1
tau4delta,1
tau4star,1
taua,1
taub1,1
tauin,1
taumm,1
taumtext,1
tausigma,1
terminated,1
taustardelta,1
taustarstar,1
tautau,1
tautau1tau2cdots,1
tauxy,1
tedious,1
tells,1
tempting,1
theorem327,1
theorem339,1
tau1taum1taum11cdots,1
theorem421,1
theorem643cayleys,1
theorem6510,1
theorem653,1
theorem655,1
theorem658,1
theorem65dihedral,1
theorem7115,1
theorem722,1
theorem726,1
theorem727,1
theorem736lagranges,1
theorem737,1
theorem74exercises,1
theorem812,1
theorem822,1
theorem825,1
theorem826,1
theorem828,1
theorem831,1
theorem639,1
theorem637,1
theorem633,1
theorem5123,1
theorem4211,1
theorem425twostep,1
theorem427,1
theorem5112,1
theorem5113,1
theorem5114,1
theorem5115,1
theorem5118,1
theorem514,1
theorem631,1
theorem517,1
theorem519,1
theorem521,1
theorem523,1
theorem524,1
theorem525,1
theorem617,1
theorem6217,1
tau2154,1
tau1msigmatau1msigmammtext,1
societal,1
structures22exercises,1
sss,1
st,1
stairs,1
standardconforming,1
star,1
star4,1
started,1
starting,1
steps,1
stextwe,1
stextâ1âmore,1
storage,1
phirei2pi,1
straighforward,1
straightforwardly,1
strange,1
strong,1
structureand,1
structuregroup,1
square,1
sqrtt,1
sqrtpi,1
somewhere,1
solutiond62612,1
solutionfirst,1
solutionin,1
solutionpab422,1
solutionthere,1
solutionthis,1
solutionz711text,1
somewhat,1
sons,1
spirit,1
soon,1
sort,1
sound,1
spaces,1
specification,1
specify,1
spend,1
sphirphis,1
structurepreserving,1
structuresâ¶,1
tau1mmtext,1
structureâbut,1
superscript,1
support,1
surname,1
surrounded,1
system,1
t1t2in,1
t1text,1
table257summary,1
table3416group,1
table3417group,1
tableâ1ânamed,1
tain,1
taken,1
talk,1
tau11,1
tau11taum1taum11cdots,1
tau123,1
tau123154,1
tau1324text,1
summary,1
sum,1
suit,1
subsection251some,1
stuffâ,1
subgorup,1
subgroups42subgroup,1
subgroups73the,1
subgroups83introduction,1
subgroupsâ¶,1
subgroupâproper,1
subscript,1
subsection252some,1
suggests,1
subsequent,1
subsequently,1
subsetâproper,1
substance,1
substantial,1
subunit,1
succeeds,1
suffice,1
phirr,1
langlezrangle,1
phir1,1
dealing,1
d2nâso,1
d3circrangle,1
d3e,1
d4h2text,1
d4h4text,1
d6,1
d6notsimeq,1
d6text,1
daatext,1
dabdetabdet,1
deals,1
definition716,1
dedications,1
deduce,1
defines,1
definition111,1
definition1112,1
definition1115,1
definition1116,1
definition113,1
definition115,1
definition118,1
cyclicâit,1
cyclicsketch,1
cyclic9,1
current,1
corollary7310,1
corollary739,1
corollary912,1
corollaryâ 912,1
cosetsâ¶,1
count,1
countablehere,1
countablesometimes,1
countableâwhich,1
counterintuitive,1
couple,1
covered,1
cr,1
crangle,1
create,1
creating,1
credit,1
crxr,1
cryptographic,1
ctextwe,1
cure,1
definition121,1
definition123,1
definition127,1
definition3311,1
definition411,1
definition414,1
definition511,1
definition5110,1
definition5119,1
definition515,1
definition611,1
definition613,1
definition616,1
definition618,1
definition621,1
definition6211,1
definition624,1
definition628,1
definition632,1
definition638,1
definition642,1
definition654,1
definition657,1
definition711,1
definition7112,1
definition337,1
definition331,1
definition128,1
definition326,1
definition131,1
definition133,1
definition211,1
definition2110,1
definition2114,1
definition213,1
definition215,1
definition216,1
definition231,1
definition243,1
definition2511,1
definition2514,1
definition2610,1
definition2616,1
definition2618,1
definition2624,1
definition264,1
definition267,1
definition268,1
definition312,1
definition321,1
corollary522,1
corollary5124,1
corollary5116,1
cendbmatrix,1
cessation,1
cgamma,1
changes,1
chapter1preliminariesâ¶,1
chapter2groupsâ¶,1
chapter3homomorphisms,1
chapter4subgroupsâ¶,1
chapter5cyclic,1
chapter6permutation,1
chapter7the,1
chapter8factor,1
chapter9the,1
chapterbibliography,1
chose,1
circlelike,1
clangle,1
classify,1
classperhaps,1
closets,1
cn,1
collaboration,1
certainly,1
celled,1
college,1
cease,1
california,1
calling,1
camp,1
cantors,1
cap,1
cardinalitypreserving,1
care,1
carefully,1
carry,1
casesâin,1
caxaxa1,1
caxaxa1text,1
caxcay,1
caxyamp,1
cc1text,1
ccbysa,1
ccdotrangle,1
cdot8,1
cdotn,1
cdotntext,1
cdottext,1
collaborationâ,1
colophonacknowledgementspreface,1
corollary4212,1
connection,1
constant,1
construct,1
construction,1
contact,1
content,1
contents,1
contextnote,1
continue,1
contributor,1
control,1
convenience,1
convention252,1
convention254,1
convention258,1
convention259,1
conventionfor,1
converse,1
cool,1
copies3,1
corollaries,1
corollary417,1
consist,1
confusion,1
color,1
conflict,1
columns,1
combinatorial,1
combining,1
comes,1
commas,1
commercial,1
commutativewe,1
compare,1
compensation,1
compilations,1
complements,1
completely,1
composed,1
composing,1
compositionsthat,1
computation,1
computations,1
computernetwork,1
concerns,1
confirmed,1
confirming,1
definition713,1
definition719,1
phir,1
example136,1
ever,1
ex,1
example1111,1
example1114,1
example1117,1
example114,1
example122,1
example125,1
example126,1
example134,1
example2115,1
definition721,1
example2116,1
example241,1
example242,1
example247,1
example2515,1
example261,1
example2612,1
example2615,1
example2619,1
example2620,1
ethical,1
equivntext,1
equip,1
equations,1
emphasize,1
emptyset0text,1
emptysetaaba,1
emptysetemptyset,1
emptysettextsets,1
encountered,1
endbmatrixrightrangle,1
endbmatrixrighttext,1
endeavor,1
endeavors,1
endomorphisms,1
endorsement,1
endorsements,1
eneq,1
english,1
entities,1
entries,1
eo,1
eotext,1
ephietext,1
equality,1
example2621,1
example2622,1
example2623,1
example527,1
example615,1
example6213,1
example6214,1
example6215,1
example6216,1
example6219,1
example623,1
example625,1
example627,1
example635,1
example636,1
example651,1
example6511,1
example6512,1
example7113,1
example7116,1
example712,1
example715,1
example718,1
example7210,1
example7212,1
example612,1
example526,1
example265,1
example5125,1
example311,1
example324,1
example325,1
example3310,1
example3312,1
example3313,1
example3314,1
example3315,1
example338,1
example413,1
example4210,1
example4213,1
example422,1
example423,1
example424,1
example426,1
example428,1
example429,1
example5117,1
example512,1
example5121,1
ellipses,1
eligible,1
elements5,1
di2di2text,1
diagrams,1
did,1
didnt,1
differences,1
difficult,1
disagreeably,1
disagreement,1
disclaimer,1
disclaiming,1
discourage,1
discussion,1
display,1
displaying,1
distributed,1
distributes,1
div,1
divisble,1
division,1
divtext,1
dn2n,1
dnfirj,1
diagonals,1
determinants,1
doatext,1
detail,1
definition7213,1
definition7218,1
definition724,1
definition731,1
definition813,1
definition821,1
definition824,1
definition827,1
definition8312,1
definition8314,1
definition832,1
deltadelta,1
demonstrated,1
demonstrating,1
depth,1
derives,1
description,1
designate,1
desire,1
deta1frac1det,1
detab1det,1
dnlangle,1
document11,1
elemental,1
effect,1
eftext,1
ega0in,1
egehehtext,1
egphiegin,1
egxx1,1
ehegtext,1
ehehegehtext,1
ehehehtext,1
ehh12h,1
ehtext,1
ei01,1
ei2pi,1
eitheta1eitheta2,1
eitheta1eitheta2eit1eit2,1
eitheta1eitheta2eitheta1theta2text,1
eitheta1theta2eit1t2,1
eitheta1theta2eit1t2text,1
eitheta2eit2,1
eitheta2eit2text,1
eithetaei2pileftfractheta2pirightphileftfractheta2piright,1
elegant,1
effective,1
eff,1
document4,1
efetext,1
document7,1
download,1
drawing,1
drawings,1
dtext3,1
due,1
duration,1
dxtext,1
dzlangle,1
dzntext,1
dznz,1
dznzdznznd,1
dznzsimeq,1
eaa,1
eamp,1
ebamp,1
ec,1
edited,1
editor,1
editors,1
eeetext,1
calculus,1
cagto,1
cabcectext,1
abab2,1
ab11ba1text,1
ab11in,1
ab1a1b1,1
ab1amp,1
ab1b1a1,1
ab1bc1,1
ab1bc1in,1
ab212,1
ab3,1
abab11in,1
abab2text,1
cabcabebbtext,1
abacbcabacbc,1
abamp,1
abb,1
abb1a1abb1a1aea1aa1e,1
abbaetext,1
abbreviation,1
abcab,1
abcabc,1
abcdabdcacdbbcda,1
abcdacbdadbc,1
aatext,1
aalpha,1
aahtext,1
aah,1
a1yin,1
a21a1in,1
a2a2,1
a2b21a1b1b21a21a1b1,1
a2b3,1
a2bn,1
a2ldots,1
a2text,1
a2times,1
a3,1
a3b1,1
a3b2,1
a3b3,1
a412textwe,1
a4aa4a22text,1
aa,1
aa1ein,1
aaa,1
aaaa0text,1
aabctext,1
aabtext,1
abcdtext,1
abdet,1
abeginbmatrix1,1
acting,1
adding,1
addison,1
address,1
addressed,1
adelta,1
adin,1
adjustment,1
adrangletext,1
aea,1
aeaea2text,1
aequiv5,1
aequivn,1
aesthetically,1
agadkadkegkeg,1
agegtext,1
agents,1
aggregate8,1
aggregation,1
aha1h,1
ahb,1
ahbahbhin,1
addendum,1
acknowledgementsacknowledgements,1
abehegaa1text,1
achieve,1
abel,1
abelian3,1
abelian9,1
abelianhowever,1
abetabgamma,1
abncn,1
abneq,1
abovedefined,1
absence,1
absolute,1
abstruse,1
abx,1
ac1text,1
academic,1
acbdadbc,1
acceptance,1
accessible,1
accessing,1
according,1
acdot,1
acdotn,1
a1xatextnow,1
a1xatext,1
a1nin,1
23e,1
246text,1
25pi,1
2h12123text,1
2in,1
2rangletext,1
2ztext,1
312neq,1
3132h13,1
32neq,1
3425rangle,1
345text,1
349g2g3,1
36notin,1
3amp,1
3eneq,1
3h,1
3h123h,1
3h13123,1
3h13123123h,1
3h13132text,1
3h23132132h,1
23in,1
234text,1
3in,1
233310neq,1
01log10011notinrtext,1
04in,1
0pm,1
10not,1
12ldotsn1text,1
1364text,1
13texthowever,1
1binary,1
1groups,1
1in,1
1ldotsn1,1
1ldotsn1text,1
1motivation82focusing,1
1sets12functions13cardinality14exercises,1
2012ldots,1
2146text,1
21541notin,1
2202text,1
2312textit,1
231312text,1
23178text,1
3hneq,1
3notin,1
a1neq,1
a12ldots,1
a13,1
a1a2b1b2in,1
a1a2ldotsan,1
a1a3,1
a1a3a1a2text,1
a1ad,1
a1aein,1
a1b,1
a1b1b1a11b1atext,1
a1b1ha2b2htext,1
a1b1in,1
a1b3,1
a1bb1c,1
a1bb1cin,1
a1bh,1
a1bn,1
a1ctext,1
a1ega1in,1
a1n,1
a1nan1e1e,1
a1nana1anntext,1
a12ldotsntext,1
a111,1
40circ,1
a0text,1
40geq,1
4132text,1
4916sqrt6,1
4929sqrt18text,1
4in,1
4pi,1
4pitext,1
4rangle54108012516102000text,1
5x,1
5xamp,1
5z,1
6text,1
6z6z2text,1
6z6z4text,1
76text,1
7z,1
820ldots,1
826844200text,1
8rangle,1
8textwe,1
a00aa,1
ahbhin,1
ahbhtext,1
ahghhatext,1
azwazwzawzawzwazwa,1
b132text,1
b1a1abetext,1
b1a1amp,1
b1ain,1
b1bdc1cd,1
b1c,1
b1hbsubseteq,1
b1in,1
b1pm,1
b1text,1
b2,1
b21b1hhtext,1
b21b1in,1
b21hb1,1
b21hb1b21b1htext,1
ba1b1a1b2a2b1a2b3a2b2a3b1ldots,1
ba1text,1
bacatext,1
bae,1
bah,1
based,1
aâ,1
axya1,1
bathroom,1
axeya1,1
assuming,1
assure,1
astaqnranqareqarartext,1
aste,1
asubset,1
attempt,1
attempting,1
attention,1
attributionshare,1
august,1
authoring,1
authoritative,1
authorizes,1
authorship,1
automatic,1
automatically,1
automorphism,1
automorphisms,1
automorphismsit,1
ax1ax2text,1
axaa1baa1bebb,1
basement,1
bathrooms,1
associative3,1
binomnk,1
bker,1
bm,1
bn1sumk0n,1
bneq,1
bob,1
body,1
books,1
boolean,1
bottle,1
bottom,1
box,1
break,1
brnab,1
bsimr,1
buildings,1
business,1
bx,1
bxin,1
bâ,1
c1rangle,1
cabacbc,1
bj,1
bijectionintuitively,1
bbeginbmatrixalpha,1
big,1
bc1,1
bcadbdaccdab,1
bctext,1
bdadb,1
bdet,1
beautifully,1
beezer,1
begin,1
beginbmatrix0,1
beginbmatrix0amp,1
beginbmatrix1,1
beginning,1
behalf,1
behind,1
bell,1
bells,1
bemptysettext,1
bertrand,1
best,1
beware,1
bhb1htext,1
associativeso,1
assert,1
ahh,1
algebraist,1
alike,1
allimportant,1
allowed,1
allowed0,1
allround,1
alone,1
alpha,1
alpha1452text,1
alternatives,1
although,1
amb1,1
amb2,1
ambn,1
ame,1
amn,1
amnamnanmtext,1
amount,1
ana1,1
ana1naa1nn,1
analogous,1
analogy,1
algebraists,1
aktext,1
anbcn,1
akhhtext,1
ahin,1
ahkahdmahdmhmhtext,1
ahkakhtext,1
ahsubseteq,1
ai1aiin,1
aiaj,1
aiajaijainjtext,1
aicap,1
aijetext,1
aikilt,1
ainfty,1
ainftytext,1
ainina,1
ainjaiajtext,1
ainm2rtext,1
aj,1
ajemptyset,1
ak1,1
aka1aka1ak1cdotsa1a3a1a2,1
aka1in,1
aka2,1
anaoamaoameme,1
anbn,1
asking,1
apparent,1
appendixanotation,1
appendixbsolutions,1
appendixcgnu,1
applicability,1
applicable,1
appropriate,1
approved,1
aqnrtext,1
aqnrtextit,1
arbitary,1
architect,1
arguments,1
arnbc,1
arranged,1
arrangement,1
arrangements,1
array,1
arthur,1
ascii,1
ase,1
asetminus,1
appendices,1
aphi1ain,1
anbnabn,1
apart,1
anbnabnbanbnan,1
anbnabnin,1
anbncn,1
anbncnamp,1
anbntext,1
anetext,1
aniiin,1
ank1k2cdots,1
anleq,1
ann2text,1
annaenan,1
annarnanarnn0,1
anneq,1
annin,1
anotationbsolutions,1
anotherin,1
anotherthis,1
anotin,1
anrangle,1
anrangletext,1
anthropologist,1
example7215,1
example7216,1
example7217,1
locations,1
licenses,1
licenseâ,1
licenseâ¶,1
licensing,1
likely,1
limit,1
linfield,1
lists,1
living,1
ln,1
looks,1
initiative,1
lose,1
loss,1
lot,1
lowerleft,1
ltext,1
lttext,1
luckily,1
lutheran,1
m2rtext4,1
m2z2text,1
licensee,1
licensed,1
licensebibliographycolophon,1
license2,1
learn,1
left1,1
lefta,1
leftc,1
leftfrac1pm,1
leftpi,1
lefttoright,1
lemma416,1
lemma518clock,1
lemma634,1
lemma641,1
lemma7111,1
lemmaâ 416,1
lemmaâ 634,1
lemmaâ 6343,1
lemmaâ 7111,1
lemmaâ 911,1
lend,1
length,1
leqtext,1
lfin,1
machinegenerated,1
mapped,1
marginally,1
my,1
n0ntext,1
n0textreally,1
n18z,1
n1n21,1
n1n2in,1
n1text,1
n2text,1
n3textit,1
n3ztext,1
nain,1
namanma,1
namp,1
nanana,1
naneanantext,1
nanin,1
narrow,1
natext,1
nbn,1
near,1
nearly,1
needed,1
n0,1
mutual,1
material71partitions,1
multiplicationit,1
mathbfs,1
mathematicspacific,1
matterback,1
meanings,1
measures,1
meat,1
media,1
merge,1
mildly,1
minute,1
mitch,1
mix,1
mnrcdotrangle,1
mnrrangle,1
mnrs,1
mntimes,1
modifying,1
montgomery,1
mostly,1
moving,1
multiples,1
leads,1
leading,1
ldots8416ldots,1
iv,1
j012,1
j01ldots,1
jennifer,1
jin,1
jl012,1
jlangle,1
john,1
jordan,1
josephlouis,1
jpg,1
judson,1
jump,1
k1text,1
kabkakb00,1
kd,1
kdm,1
kdnz,1
kdnzkdnztext,1
keller,1
kerphin,1
kerphinamp,1
iâ¶,1
it10,1
kerphiztext,1
issues,1
insert,1
inspection,1
instantiations,1
instruction,1
interested,1
intersecting,1
intext,1
introducing,1
introductory,1
inversewe,1
involving,1
inâ 1,1
inâ 3,1
irqxin,1
irrational,1
isis,1
isitext,1
isomomorphic,1
isomorphismgroup,1
isomorphismnext,1
isomorphisms33isomorphic,1
kerphitext,1
kfin,1
ldots8404ldotsamp,1
lambdabebebtext,1
langleqrangle,1
langleznnrangle,1
00text,1
latex,1
lattices43exercises,1
latticesâ¶,1
lcm,1
lcm222text,1
lcmcdtext,1
lcmmathrmlengthsigma1mathrmlengthsigma2ldotsmathrmlengthsigmam,1
lcmmnmntext,1
lcmosigma1,1
ldots1,1
ldots23,1
ldots32,1
ldots4,1
ldots42024ldots2ztext,1
ldots505ldots,1
ldots5137ldots,1
ldots6226ldotsamp,1
ldots7315ldots,1
lambdatext,1
lambdaaxaxtext,1
kghtext,1
lambdaaxax,1
ki2kin,1
kitchen,1
km1in,1
kmin,1
kneq,1
knowing,1
kntext,1
kunlhd,1
labeled,1
labeling,1
labels,1
lagrange,1
lambdaaa1y,1
lambdaaeaea,1
lambdaaelambdabetext,1
lambdaagto,1
lambdaalambdabtext,1
lambdaalambdabx,1
lambdaalambdabxamp,1
lambdaatext,1
lambdaax1lambdaax2text,1
needs,1
nelement,1
nenin,1
permitted,1
permutes,1
person,1
persons,1
phantom0,1
phantom3,1
phantom4,1
phantom5,1
phi00,1
phi1rangle,1
phi1text,1
phia1aamp,1
phia1ain,1
phia2,1
phia2phia2phia2a2phia,1
phia3text,1
phiaa,1
phiaain,1
phiab,1
phiabamp,1
phiabdet,1
phiabxamp,1
permuted,1
permissionsolutionlet,1
phiaega,1
perform,1
overline12,1
overline12text,1
overline13,1
overline13text,1
overline23,1
pabc823text,1
paemptyset,1
paint,1
paradox,1
paradoxâ,1
parallel,1
parallels,1
particularly,1
partitions2,1
passages,1
patient,1
pattern,1
peer,1
penultimate,1
people,1
per,1
phiaeg,1
phiain,1
otheir,1
phiecdot,1
phiecdotphie,1
phieetext,1
phif0,1
phifdisplaystyleint01,1
phiff,1
phiffleftfrac14righttext,1
phifgfgleftfrac14rightfleftfrac14rightgleftfrac14rightphifphig,1
phifrightarrow,1
phifrtext,1
phihhn,1
phihleq,1
phihn,1
phii2i2,1
phiinjphiiphijtext,1
phikm1phikphim1ee1e,1
philosopher,1
philosophical,1
phintext,1
phiphi1acdotbacdotbtext,1
phiphi1acdotbphiphi1acdotphi1b,1
phiphi1acdotphi1bphiphi1acdotphiphi1bacdotb,1
phiecdoteamp,1
phie0,1
phiaka1phiaphikphia1phiaephia1phiaphia1e,1
phie,1
phiakantext,1
phiakphibktext,1
phialambdaatext,1
phiaphiaamp,1
phiaphibxamp,1
phiaphibxphiabx,1
phiarangletext,1
phiax,1
phib1aeg,1
phib1phiaeg,1
phiba,1
phibaramp,1
phibaranbnphibarabnphiabphiaphibphibaranphibarbn,1
phibaraneg,1
phibarbnphibtext,1
phibargnphigtext,1
phibarntext,1
phibegbtext,1
phibker,1
phibphia,1
phibytext,1
output,1
otext,1
neqtext,1
note1110,1
note117,1
note2111,1
note217,1
note322,1
note335,1
note725,1
notforprofit,1
noticed,1
notifies,1
notify,1
notinztext,1
notions,1
notleq,1
notlt,1
nowhere,1
nr,1
nrangle,1
ns3,1
nstextone,1
ntimes,1
ntuples,1
note112,1
nordstrom,1
numberâ,1
nonnegative,1
networkusing,1
ngons,1
nh21h21ntext,1
ni,1
niels,1
niven,1
nker,1
nkerphitext,1
nktext,1
nmanmatext,1
nmmin,1
nn1,1
nnin,1
nnntext,1
noaleq,1
noam,1
noatext,1
nonabstract,1
nonexample,1
nonexamples,1
nonfinite,1
numbered,1
nznx,1
otaulcm236,1
oi2inftytext,1
ok,1
omitted,1
ones,1
onto6,1
open,1
operator,1
ophiaoatext,1
opposed,1
order32definitions,1
ordering,1
orderâ¶,1
orholcm222,1
origin,1
orntext,1
oror14text,1
oror1ntext,1
osigma2ldots,1
osigma3text,1
osigmaamp,1
osigmam,1
osigmaneq,1
oi4text,1
oi22text,1
nzsimeq,1
oh,1
nzsubseteq,1
nzunlhd,1
o01text,1
o11lcmmnmnzm,1
o2inftytext,1
o685text,1
oa1noatext,1
oaangle,1
oainfty,1
oainftytext,1
oak,1
oalphao14524text,1
oangcdnatext,1
oanlt,1
oaoa1text,1
objectsthis,1
observe,1
obstruct,1
obtained,1
oe1text,1
off,1
inj,1
initiate,1
example729,1
fs2text,1
freedoms,1
french,1
frfrfr2e,1
fri2frifrifrifriffririf2r0e,1
friends,1
frineq,1
fs1fs2,1
fs1gcirc,1
fs1neq,1
fs2,1
fsfs,1
initial,1
fsgfs,1
fsgfsgtutext,1
fsin,1
fsrt,1
fsrtfr2srr3t,1
fss2pitextrecall,1
fssubseteq,1
fstttext,1
ftextthe,1
fu,1
francisco,1
framing,1
fracngcdnarightrangle,1
fracngcdna,1
flangle,1
fleftarrow23amp,1
fleftarrowv,1
fleftarrowvsin,1
fleftfrac14right0,1
flip,1
floor,1
fn1n,1
form1,1
form7,1
formally,1
forming,1
found,1
four,1
fourth,1
fr2firji01,1
fr2text,1
fr3,1
fr3hftext,1
fr3r3efr2notsubseteq,1
frac1524660text,1
fufuin,1
fully,1
functional,1
gammaendbmatrix,1
gare,1
gcd4151text,1
gcdcd1text,1
gcdna1text,1
gd4text,1
gdktext,1
gdottext,1
generality,1
generalize,1
generalizing,1
geqtext,1
getting,1
gfs1gfs2text,1
gfss,1
gg1text,1
ggto,1
ghemptysettext,1
ghinftytext,1
ghs3text,1
gi,1
gi2,1
garden,1
gamma,1
fundamental,1
gaa,1
fx0amp,1
fxghxamp,1
fxtext,1
fxx2,1
fxzxamp,1
fz,1
fztimes,1
fzxamp,1
g1,1
g11rangletext,1
g1n1,1
g1âg3,1
g1âg3text,1
g22h2ldots,1
g22rangle,1
g23g525neq,1
g2n2,1
g2text,1
g2times,1
g3text,1
ga0ntext,1
fis,1
firjfkrl,1
firj,1
exampleâ 413,1
exampleâ 5117,1
exampleâ 612,1
exampleâ 6215,1
exampleâ 623,1
exampleâ 625,1
exampleâ 729,1
exampleâ 829,1
exchange,1
excluding,1
exclusively,1
exercise10,1
exercises14exercises,1
exercises22exercises,1
exercises28exercises,1
exercises34exercises,1
exercises43exercises,1
exercises53exercises,1
exercises66exercises,1
exercises74exercises,1
exercises84exercises,1
exercises93exercises,1
exampleâ 424,1
exampleâ 3314,1
existing,1
exampleâ 3312,1
example733,1
example734,1
example735,1
example811,1
example823,1
example829,1
example8311,1
example833,1
example835,1
example838,1
example839,1
example916,1
example917,1
example923,1
examplesnonexamples,1
exampleâ 136,1
exampleâ 245,1
exampleâ 2620,1
exampleâ 2621,1
exampleâ 289,1
exampleâ 324,1
exercisescgnu,1
expect,1
finiteness,1
fact6,1
fail,1
failed,1
fall,1
familiarity,1
farmer,1
feeling,1
felix,1
fewer,1
fggftext,1
fghin,1
fgtext,1
fgttfhttext,1
fgxfxgxgxfx,1
fgxhxamp,1
fh,1
fhahtext,1
fhffr,1
fhto,1
fields,1
file,1
final,1
fact7,1
facilities,1
expertise,1
facilitating,1
explicit,1
explores,1
exponent,1
exponents,1
express,1
expressly,1
extensive,1
extract,1
extracted,1
f1,1
f11f1,1
f1text,1
f224f22text,1
f2e,1
f2r3etext,1
f2rne,1
f50text,1
f6212,1
fa3text,1
fab2ab2a2bfafb,1
fabin,1
ginftytext,1
gist,1
giving,1
hb1b1htext,1
he23text,1
heard,1
heart,1
heftext,1
hehh12,1
henrik,1
herbert,1
herein,1
herr2r3,1
hfin,1
hheg,1
hierarchies,1
him,1
historical,1
history,1
hktext,1
hnhnhin,1
hnneq,1
hnntext,1
hnot,1
holders,1
hbackslash,1
hb,1
homework,1
havent,1
h1h21ntext,1
h1h2in,1
h1n1n21h21in,1
h1nh21text,1
h1ptext,1
h2323123h123,1
h27101418h2text,1
h2z,1
h2ztext,1
h38111519h3text,1
h3ztext,1
h822,1
habab2a2b2hahb,1
hah,1
hahahin,1
hahbtext,1
half,1
hallways,1
handy,1
hard,1
hasubseteq,1
hole,1
hope,1
h1h21in,1
identification,1
iff,1
ifâ,1
ignore,1
ii27summaries,1
iiâ¶,1
ij,1
ij0text,1
ijtext,1
ik01text,1
illuminate,1
implication,1
impractical,1
in1neq,1
inc,1
including,1
increase,1
increasing,1
indicating,1
individually,1
infinitefinitewe,1
infinity,1
identifying,1
iaiemptyset,1
hose,1
i2i2text,1
hr2r2fr2text,1
hr3r3,1
hrr,1
hrtext,1
htextâ,1
hto,1
httpabstractpugetsoundeduaata,1
httpwwwfsforg,1
httpwwwgnuorgcopyleft,1
hugh,1
human,1
hx,1
hâ,1
i01,1
i0text,1
i1,1
i12,1
i1i1text,1
i23the,1
i25group,1
i2i2notin,1
h1h21n,1
h1591317h1text,1
gkain,1
gnh1h2ldotshnin,1
gnn1n2n,1
gnnhn,1
gnnotice,1
gnnrangle,1
gnot,1
gnotsimeq,1
gnto,1
go,1
goals,1
goes,1
going,1
googling,1
gory,1
government,1
gphike,1
gpm,1
gr,1
gr4text,1
grants,1
great,1
greatly,1
gnlangle,1
gnh1h2ldotshng11h1,1
grid,1
gngntext,1
gkann,1
gknksimeq,1
gknkwe,1
gkphiakn,1
gksimeq,1
gkto,1
gl2rdet,1
gl2rhtext,1
gl2râit,1
gl2z2text,1
gl4z2texta,1
gl5rsl5rtext,1
gl5rtext,1
glnrdet,1
glnrh,1
glnrhtext,1
glnrhtext4,1
glnrmin,1
glnrsince,1
globallevel,1
gnain,1
green,1
group24examples,1
h13text,1
gtutext,1
gxfx,1
gxfxctext,1
gxfxgfxtext,1
gxin,1
gz12text,1
gz1z2,1
gz1z2amp,1
gz20,1
gz22,1
gz6text,1
gz8text,1
h0123text,1
h02,1
h048,1
h04text,1
h0xyzxyzin,1
h1212132text,1
h1312323,1
h1313123text,1
h1313132h132,1
h1313223,1
gx,1
gtts,1
group91the,1
gtht,1
groups34exercises,1
groups52the,1
groups53exercises,1
groups61introduction,1
groups62symmetric,1
groups63alternating,1
groups64cayleys,1
groups66exercises,1
groups84exercises,1
groupâ¶,1
grto,1
gs3text,1
gs3times,1
gtext2,1
gtext4,1
gtext6,1
gtextfrom,1
gtextin,1
gtextit,1
gtextso,1
gtextthis,1
â©2017â â jessica,1
