Word,Frequency
the,5612
of,2729
a,2494
in,2144
and,1880
is,1747
to,1630
geometry,1335
that,1129
we,756
hyperbolic,656
with,651
this,613
points,579
point,561
on,546
as,478
for,477
are,474
by,457
if,451
z,429
elliptic,424
at,416
circle,402
transformations,399
an,385
be,385
p,376
möbius,372
line,349
beginequation,335
endequation,335
two,333
plane,330
it,329
text,311
transformation,308
from,276
one,274
complex,273
curvature,273
surfaces,268
can,266
any,264
k,264
then,259
so,251
angle,250
all,249
universe,246
c,245
t,242
euclidean,235
amp,229
through,226
triangle,224
have,216
space,208
mathbbc,205
which,205
surface,203
has,199
area,199
about,197
cosmic,196
our,192
q,185
form,185
will,183
cal,179
not,178
figure,175
model,173
circles,172
paragraph,171
distance,168
x,168
lt,166
r,163
sphere,162
these,161
inversion,156
angles,156
number,155
example,154
each,153
b,144
real,143
prove,143
look,141
first,140
topology,139
may,138
radius,137
i,137
its,136
lines,134
theorem,133
suppose,132
d,129
definition,129
between,127
let,126
set,125
origin,125
antipodal,125
group,125
since,122
disk,122
s,121
there,120
or,119
such,119
measurement,117
basic,117
where,117
some,114
three,114
clines,113
unit,112
cline,112
given,111
introduction,111
matter,111
also,110
z0,110
case,109
following,109
thus,106
tz,106
type,106
quotient,103
but,102
w,102
equation,99
called,99
follows,98
show,98
torus,95
section,94
mathbbctext,93
right,92
centered,92
division,91
pi,90
geometries,90
see,90
same,89
infty,88
other,87
upper,84
g,83
threedimensional,83
find,83
polar,83
map,83
gt,82
exercises,82
xkgk,82
edges,82
axis,81
euclids,79
figures,79
manifolds,79
formula,78
poincaré,77
halfplane,76
sum,75
back,75
h,75
extended,74
along,73
now,72
would,71
they,71
no,71
neq,70
qtext,69
inftytext,69
endalign,69
equal,69
beginalign,69
spaces,69
domain,69
rotation,69
edge,68
image,67
fact,67
general,67
length,67
measure,67
u,67
than,66
consider,66
segment,66
crystallography,66
must,65
what,65
family,65
do,64
postulates,64
ctext,64
fixed,63
z1,63
symmetric,62
invariant,62
composition,62
z2,61
sends,61
construct,61
under,61
mathbbd,60
btext,60
closer,60
front,60
you,60
when,60
sky,59
positive,59
intersect,59
mapsto,59
circ,58
brief,58
list,58
center,58
ptext,57
manifold,57
instance,57
trigonometry,57
ztext,57
ideal,57
translation,57
respect,56
boundary,56
leq,56
interior,55
expressions,55
notions,55
index,55
four,55
colophon,55
dedication,55
open,55
acknowledgements,55
references,55
revisiting,55
preface,55
identified,54
basics,54
history,54
invitation,54
numbers,54
pretext,54
symbols,54
reflection,53
hitchman,53
determine,53
michael,53
twodimensional,53
alpha,53
l,53
cell,53
congruent,53
chapter,53
ii,52
note,52
y,52
perpendicular,52
particular,52
skip,51
contentsprevupnext,51
newcommandlt,51
main,51
assume,51
contents,51
gct,51
authored,51
contentrequirecancelnewcommandnin,51
newcommandgt,51
newcommandamp,51
triangles,50
constant,50
only,50
indexprevupnext,50
theta,50
more,50
us,50
into,49
homogeneous,49
function,49
get,48
use,48
itext,48
consists,48
shape,48
proof,47
corner,47
distinct,47
fundamental,47
v,46
because,46
gets,46
mathbbdtext,46
below,46
different,46
atext,46
single,46
ball,45
path,44
preserves,44
well,44
finite,43
fixes,43
parallel,43
maps,43
just,43
whose,42
out,42
denote,42
great,42
another,42
stext,41
inversions,41
onto,41
exists,41
delta,40
circumference,40
face,40
intersection,40
both,40
left,39
them,39
corners,39
n,39
pairs,39
arclength,38
result,38
rtext,38
rectangle,37
itself,37
like,37
dtext,37
together,37
square,37
pictured,37
bug,37
beta,37
xtext,37
orthogonal,37
stereographic,36
notice,36
their,36
defined,36
denoted,36
exercise,35
projection,35
might,35
contains,35
cdot,35
second,35
having,35
define,34
small,34
gamma,34
rotations,34
ktext,33
region,33
around,33
pair,33
c1,33
isometries,33
c2,33
homeomorphic,33
does,33
side,33
approach,33
htext,33
mathbbs2,32
here,32
using,32
mathbbdcal,32
m,32
geq,32
hexagon,32
been,32
sim,31
klein,31
connected,31
turn,31
unique,31
faces,31
pitext,31
geodesic,31
new,31
how,31
linear,31
projective,31
preserve,30
orbit,30
ltext,30
noneuclidean,30
dirichlet,29
normal,29
goes,29
infinity,29
check,29
mathbbr3,29
l1,28
come,28
was,28
postulate,28
direction,28
dilation,28
inverse,28
however,28
reflections,27
ratio,27
determined,27
need,27
flat,27
curve,27
found,27
euler,27
way,27
characteristic,26
radians,26
he,26
obtain,26
closed,26
common,26
sent,26
terms,26
say,26
objects,26
again,26
vertex,26
call,26
bottle,26
make,25
solid,25
equivalence,25
images,25
either,25
she,25
takes,25
mathbbp2,25
gtext,25
your,25
units,25
catalog,25
reader,25
every,25
view,24
lengths,24
moreover,24
living,24
according,24
after,24
vertices,24
lss,24
inside,24
ttext,24
equals,24
up,24
metric,24
indeed,23
isotropic,23
feature,23
paragraphs,23
method,23
translations,23
construction,23
polygonal,23
polygon,23
build,23
cone,23
z0text,23
distances,23
wtext,23
diagram,23
relation,23
value,22
matching,22
tangent,22
recall,22
corresponds,22
generated,22
formulas,22
r2,22
described,22
part,22
80circtext,22
connecting,22
work,22
pole,22
journey,22
cases,22
compute,22
means,22
pythagorean,21
take,21
drawn,21
opposite,21
could,21
ta,21
across,21
mapped,21
arbitrary,21
world,21
above,21
law,21
furthermore,21
possible,21
constructed,21
half,20
course,20
observe,20
enough,20
true,20
shortest,20
minimally,20
integer,20
top,20
were,20
expression,20
sides,20
vtext,20
lune,20
mathbbs3,20
via,20
t1,20
smooth,20
mathbbs1infty,20
away,20
hg,19
relationship,19
lives,19
tb,19
segments,19
special,19
copies,19
should,19
last,19
think,19
l2,19
holds,19
built,19
less,19
consisting,19
previous,19
label,18
change,18
gives,18
intersects,18
straight,18
property,18
features,18
lemma,18
obtained,18
identity,18
opposed,18
many,18
even,18
argument,18
why,18
ngon,18
next,18
bottom,17
live,17
time,17
elements,17
used,17
his,17
represented,17
orientable,17
go,17
cross,17
simply,17
mathbbp2cal,17
symmetry,17
while,17
content,17
turns,17
z3,17
factor,17
regular,17
diametrically,17
important,17
close,17
imaginary,17
shown,16
overlinez,16
theory,16
before,16
version,16
further,16
know,16
proved,16
e,16
makes,16
identifying,16
frac23ideal,16
ray,16
sequence,16
lets,16
long,16
approaches,16
very,16
c2text,16
whether,16
describe,16
subset,15
her,15
though,15
move,15
abc,15
mathbbr3text,15
preserved,15
copy,15
respectively,15
identification,15
lambda,15
precisely,15
verify,15
send,15
did,15
difference,15
dodecahedron,15
produce,15
solve,15
phip,15
isometry,15
temperature,15
without,15
f,15
strip,15
explain,15
element,14
six,14
topological,14
containing,14
much,14
want,14
cg,14
ar,14
diameter,14
outside,14
convenient,14
draw,14
hk,14
pi2,14
sense,14
az,14
toward,14
looks,14
vertical,14
octagon,14
xy,14
north,14
x2,14
results,14
phi,14
often,14
cals,14
description,14
differential,14
handlebody,14
equations,14
appears,14
similarly,14
corresponding,14
five,14
boldsymbolrt,14
dimensions,14
w2,14
approx,14
bisector,13
moved,13
mathbbccal,13
represent,13
derive,13
translational,13
equator,13
able,13
mathbbdkcal,13
shapes,13
mathbbs1inftytext,13
mathbbs2text,13
cannot,13
class,13
working,13
histogram,13
hand,13
satisfies,13
correspond,13
sk,13
determinant,13
equivalent,13
system,13
displaystyle,13
earth,13
sqrtktext,13
a2,13
negative,13
expressed,13
massenergy,13
magnitudes,13
admits,13
large,13
moves,13
pm,13
crosscap,13
end,13
bounded,13
entire,13
collection,13
solutions,13
give,13
coordinates,13
v1,13
mathbbp2text,13
lboldsymbolr,12
resulting,12
mathematics,12
careful,12
dimension,12
useful,12
ntext,12
details,12
put,12
mathbbrtext,12
sign,12
applies,12
indicated,12
greater,12
radiation,12
density,12
v2,12
quaternion,12
parallax,12
admit,12
starting,12
inherits,12
down,12
object,12
ab,12
actually,12
curves,12
measurements,12
cylinder,12
onetoone,12
pilot,12
geodesics,12
boldsymbolr,12
screen,12
free,12
exactly,12
ship,12
limr,12
za,12
words,12
omega,12
microwave,12
cosines,12
study,12
mathbbp2kcal,12
w1,12
simple,12
start,11
horizontal,11
t2,11
notion,11
present,11
types,11
inverted,11
zero,11
big,11
exist,11
reitheta,11
clockwise,11
bound,11
xk,11
rotate,11
place,11
psh,11
good,11
written,11
fix,11
motion,11
pq,11
finally,11
s1,11
spikes,11
dhpq,11
detect,11
follow,11
off,11
near,11
nonorientable,11
constructing,11
total,11
standard,11
compositions,11
modulus,11
cong,11
building,11
shows,11
z2text,11
tz1,10
express,10
completes,10
zinfty,10
neighborhood,10
radial,10
infinite,10
original,10
corollary,10
hypotenuse,10
still,10
assuming,10
quadratic,10
size,10
relativity,10
over,10
alphatext,10
perhaps,10
identify,10
finding,10
separation,10
identical,10
conjugate,10
tbz,10
focus,10
head,10
satisfy,10
boldsymbolp,10
pa,10
ad,10
york,10
yields,10
facts,10
least,10
cartesian,10
those,10
viewed,10
third,10
yi,10
scalar,10
rightangled,10
shrink,10
properties,10
cells,10
portion,10
most,10
times,10
helpful,10
related,10
c3,10
far,10
addition,10
fifth,10
mathbbh3,9
loop,9
answer,9
compact,9
balls,9
fixedpoint,9
hint,9
begin,9
convert,9
background,9
integral,9
parts,9
winfty,9
expansion,9
argue,9
my,9
multiple,9
imz,9
parallelism,9
lie,9
works,9
sz,9
depending,9
depicts,9
consist,9
platonic,9
mathbbrn,9
counterclockwise,9
vector,9
book,9
geometric,9
ie,9
shaded,9
constants,9
leave,9
tz0,9
clifford,9
twice,9
circlesinthesky,9
light,9
patext,9
h2,9
moving,9
gaussbonnet,9
fixing,9
interested,9
quaternions,9
donut,9
clear,9
scattering,9
doesnt,9
paths,9
directly,9
arrive,9
cube,9
generate,9
always,9
discussed,9
pushes,9
icz,9
topologically,9
suggested,9
term,9
planes,9
too,9
overlinealpha,9
scale,9
plot,9
ka,9
reduces,9
star,9
xg,9
power,9
contain,9
team,8
limit,8
translate,8
integers,8
spot,8
amount,8
emphasize,8
tantheta2,8
reflect,8
anglel1l2,8
being,8
hexagonal,8
identifications,8
create,8
bar,8
nearly,8
sqrt86i,8
location,8
functions,8
themselves,8
measured,8
role,8
c1text,8
relative,8
observable,8
repeat,8
labeled,8
ought,8
bit,8
proving,8
y2,8
thetatext,8
equidistant,8
gk,8
0circ,8
solving,8
squares,8
until,8
had,8
homeomorphism,8
paper,8
v0,8
done,8
apply,8
dodecahedral,8
tile,8
lens,8
meet,8
tl,8
order,8
proceed,8
ggon,8
twoholed,8
setting,8
intersecting,8
tq,8
rez,8
tell,8
tells,8
predicted,8
overlineztext,8
precise,8
l2text,8
energy,8
ic,8
eight,8
mathbbt2,8
subsection,8
values,8
trick,8
formed,8
nice,8
describes,8
2text,8
attached,8
derivative,8
nature,8
detecting,8
reveal,7
position,7
iff,7
cosmological,7
pi2text,7
legs,7
status,7
triple,7
expand,7
deduce,7
similar,7
yitext,7
sines,7
spike,7
produces,7
dxy,7
notation,7
sets,7
spherical,7
spheres,7
question,7
slope,7
models,7
r2text,7
appear,7
discontinuous,7
exceeds,7
discussion,7
matches,7
return,7
tinfty,7
distribution,7
applications,7
develop,7
sg,7
80circ,7
yes,7
langle,7
travel,7
textif,7
genus,7
larger,7
dark,7
dashed,7
statement,7
pqr,7
alternate,7
desired,7
few,7
xyz,7
0circtext,7
areas,7
taking,7
deltai,7
taken,7
midpoint,7
rather,7
rays,7
remember,7
write,7
placing,7
tz2,7
parabolic,7
bc,7
passes,7
intab,7
screw,7
scales,7
invariance,7
scirc,7
s2,7
wall,7
mathbbs3text,7
summarize,7
convention,7
winftytext,7
mathbbdk,7
cmb,7
me,7
reappear,7
kleins,7
concentric,7
betatext,7
oriented,7
usual,7
key,7
inequality,7
continuous,7
kz,7
ax,7
wmap,7
certain,7
research,7
others,7
orientability,7
b2,7
coneland,7
proposition,7
carefully,7
properly,7
imagine,7
investigate,7
conclude,7
cdots,7
within,7
calculus,7
patch,7
unchanged,7
followed,7
bcz,7
achieve,7
vary,7
including,7
transform,6
rtheta,6
state,6
possibilities,6
analysis,6
essentially,6
abcd,6
zw,6
xt,6
ac,6
otherwise,6
etext,6
happens,6
x1,6
j,6
t0,6
block,6
detail,6
appropriate,6
complete,6
detected,6
derivation,6
estimates,6
determines,6
leg,6
l1text,6
fails,6
remarkable,6
representation,6
simg,6
questions,6
sktext,6
dilations,6
scaled,6
suggests,6
frac12,6
btextbfi,6
mapping,6
dthetatext,6
hexagons,6
allowable,6
initial,6
add,6
vi,6
therefore,6
mathbbr,6
polygons,6
global,6
b2text,6
earths,6
rlz,6
variable,6
theorem 328,6
leads,6
rate,6
einstein,6
instead,6
pure,6
adding,6
removed,6
ds,6
infinitely,6
discuss,6
disjoint,6
own,6
planck,6
tip,6
distant,6
foursided,6
distinguish,6
galaxy,6
help,6
tiling,6
endcases,6
additional,6
visualize,6
hemisphere,6
dont,6
box,6
chi,6
twist,6
joining,6
table,6
chapters,6
bisectors,6
attention,6
bigg,6
ones,6
begins,6
welldefined,6
multiplication,6
page,6
significant,6
continuously,6
data,6
sight,6
groups,6
finds,6
sketch,6
weve,6
measuring,6
conversely,6
local,6
once,6
zcdot,6
pants,6
mathbbh3text,6
iintr,6
immediately,6
tcirc,6
definitions,6
letter,6
lies,6
include,6
si,6
mathbbp2k,6
conditions,6
ctextbfj,6
coshc,6
plug,6
search,6
tx,6
mtext,6
gammatext,6
qa,6
run,5
mathematician,5
join,5
sections,5
explorers,5
mathematical,5
already,5
south,5
practice,5
portions,5
mutually,5
uz,5
thanks,5
20circtext,5
favorite,5
encourage,5
nball,5
choice,5
series,5
bolyai,5
ensures,5
physics,5
tiny,5
saddle,5
contrapositive,5
offers,5
utext,5
k0,5
online,5
fracaz,5
bormit,5
serves,5
saddleland,5
push,5
reasonably,5
modeled,5
volume,5
homeomorphisms,5
critical,5
dk0x,5
lpq,5
appeared,5
uv,5
invert,5
looking,5
xkgktext,5
making,5
eithetafracz,5
experience,5
shift,5
int02pi,5
rangle,5
limh,5
‘m’,5
lightyears,5
seen,5
seems,5
caletext,5
nonzero,5
pieces,5
ed,5
ordered,5
2itext,5
vectors,5
2circtext,5
inverting,5
rotating,5
various,5
zi,5
tboldsymbolrtdelta,5
eithetafraczz01koverlinez0ztext,5
frac4r1kr22dr,5
ri,5
magnitude,5
visible,5
multiply,5
tc,5
ask,5
3itext,5
home,5
thinking,5
count,5
ldots,5
rotational,5
expanding,5
robs,5
marks,5
giving,5
due,5
video,5
solids,5
program,5
lobatchevskys,5
jp,5
product,5
cosmologists,5
inverses,5
maximum,5
string,5
zn,5
entirely,5
arcs,5
a2text,5
t11,5
alpha2,5
indicate,5
eventually,5
tp,5
arc,5
walk,5
pick,5
boldsymbolr1,5
bi,5
occurs,5
ourselves,5
6i,5
r1z,5
interesting,5
r1text,5
started,5
extend,5
estimate,5
t1z,5
mind,5
development,5
preceeding,5
slice,5
algebraic,5
algebraically,5
happen,5
namely,5
seifertweber,5
depicted,5
bitext,5
zatext,5
something,5
derived,5
transitivity,5
formal,5
represents,5
preimage,5
interval,5
formally,5
remain,5
independent,5
considering,5
fly,5
perfect,5
reithetatext,5
combination,5
pqtext,5
intrepid,5
applied,5
never,5
boldsymbolrprimet,5
generates,5
horocycles,5
phase,5
provides,5
false,5
sums,5
approximation,5
erlangen,5
rz,5
reason,5
dimensional,5
diamond,5
letting,5
idea,5
xyplane,5
basepoint,5
c2pi,4
short,4
subject,4
mathbbu,4
z01overlinez0z,4
eitheta,4
boldsymbolv,4
wants,4
robstext,4
process,4
necessary,4
tbtext,4
mathbbi2,4
analyze,4
vertically,4
cale,4
friedrich,4
“if,4
frac8pi,4
z1prime,4
mathbbdktext,4
boldsymbolx,4
einsteins,4
ten,4
satisfying,4
vz,4
nd,4
ndimensional,4
friedmann,4
examples,4
r1,4
theorem 3216,4
mathbbs2ktext,4
wedge,4
p1,4
weeks,4
field,4
begincases,4
w2text,4
representative,4
worked,4
fracoverlinez0z1,4
theorems,4
encouraged,4
task,4
heads,4
provide,4
w3text,4
bounds,4
probe,4
euclid,4
leaves,4
andor,4
r0,4
frac1koverlineztext,4
mq,4
analogy,4
estimating,4
saddleshaped,4
reithetacdot,4
bd,4
hence,4
neither,4
th,4
possibility,4
boldsymbolr2,4
except,4
hard,4
needs,4
expect,4
smallest,4
satellite,4
bang,4
tbz1,4
n2,4
vice,4
mathbbt2text,4
wilkinson,4
loxodromic,4
boldsymbolq,4
yourself,4
h1,4
expanded,4
endcasestext,4
widehatmathbbr3,4
parallelogram,4
alpha1,4
who,4
shortly,4
shorter,4
sqrta2,4
lemma 357,4
years,4
pass,4
developed,4
later,4
route,4
uniquely,4
compass,4
descriptions,4
completing,4
iz,4
transfer,4
increase,4
depends,4
gamma2,4
passing,4
unified,4
composing,4
sure,4
understanding,4
defining,4
remark,4
remains,4
perfectly,4
traced,4
coming,4
applying,4
universal,4
clearly,4
sqrtk,4
lunes,4
involving,4
stars,4
sun,4
frac2boldsymbolrprimet1,4
hubble,4
unless,4
x0g0,4
mean,4
xyi,4
read,4
collector,4
university,4
60circtext,4
forms,4
occur,4
stheta,4
rewritten,4
sine,4
omegak,4
consequence,4
x2text,4
assumptions,4
refer,4
covering,4
cover,4
arise,4
country,4
rfracpi2,4
keigamma,4
tz2text,4
triples,4
marked,4
a1,4
operation,4
seem,4
cosmology,4
lobachevsky,4
cosine,4
typical,4
cosc,4
artext,4
twenty,4
xh,4
tz3text,4
coordinate,4
locally,4
contracted,4
constructions,4
match,4
onequarter,4
figure 822,4
slight,4
fracb1c,4
onesixth,4
q1,4
ideas,4
become,4
xktext,4
orientation,4
onethird,4
triangular,4
asked,4
q2,4
converse,4
creating,4
convince,4
fracea,4
classification,4
rewrite,4
becomes,4
zwuv,4
figure 417,4
quite,4
frac12itext,4
overlinew,4
pursue,4
information,4
informal,4
doing,4
divisions,4
northern,4
ratios,4
inflationary,4
choose,4
frac4pi,4
published,4
longer,4
programs,4
purposes,4
checks,4
injectivity,4
agree,4
hold,4
during,4
tag1text,4
modulo,4
galaxies,4
hktext,4
changes,4
lboldsymbolrtext,4
apollonius,4
dx,4
characterize,4
ruler,4
laws,4
joined,4
giant,4
dtextbfktext,4
mathbbutext,4
circular,4
planar,4
loops,4
quarter,4
zwtext,4
uses,4
saw,4
5itext,4
involution,4
o,4
nonnegative,4
horizontally,4
mathbbs1,4
placed,4
t2z,4
discovered,4
classes,4
anisotropy,4
gluing,4
divided,4
several,4
chords,4
frac1,4
parameters,4
dividing,4
sgtext,4
numerator,4
mathbbucal,3
subspace,3
frac1sqrtk,3
gauss,3
fractions,3
substituting,3
meets,3
subtracting,3
mathbbs2k,3
tbirangle,3
sufficiently,3
frac33ipm,3
simulated,3
statistically,3
simulation,3
subsets,3
mr,3
story,3
sintheta,3
figure 112,3
spent,3
redundancy,3
frac12text,3
fyodor,3
mathbbclangle,3
explorer,3
glance,3
freedom,3
rcostheta,3
structure,3
t1text,3
t0a,3
starts,3
speed,3
reality,3
sled,3
regions,3
figure 6313,3
farther,3
meaning,3
fractional,3
fracz,3
smaller,3
frac4r1r22dr,3
mathbbcg,3
game,3
geometrythe,3
famous,3
sinalpha,3
t3,3
familiar,3
mathbbr2text,3
mathbbctextwe,3
sources,3
fate,3
mathematicians,3
figure 7510,3
frac2pi,3
tackle,3
reappears,3
states,3
member,3
methods,3
springer,3
statements,3
sinhx,3
stretched,3
mgtext,3
modern,3
figure 779,3
frac1koverlinez,3
frac3z,3
figure 755,3
situation,3
gravity,3
fraca1c,3
son,3
figure 7511,3
fracsinhasinalpha,3
labels,3
multiconnected,3
physical,3
scrambles,3
conjecture,3
connect,3
otext,3
consideration,3
consistent,3
pzq,3
context,3
phys,3
continue,3
physically,3
implies,3
conveniently,3
convex,3
although,3
ytext,3
remaining,3
phrase,3
denominator,3
union,3
collapsing,3
colleagues,3
collecting,3
universes,3
tbz2text,3
indicates,3
indefinitely,3
complexes,3
concepts,3
compose,3
computation,3
k3i,3
understood,3
computations,3
computed,3
computing,3
seeing,3
correlated,3
problem,3
relationships,3
cygni,3
cz,3
keep,3
czoverlinez,3
keeps,3
icp,3
date,3
de,3
cosa,3
debate,3
prism,3
seibeta,3
picture,3
icc1,3
ki,3
piktext,3
icq,3
albert,3
pi4,3
cuts,3
ty,3
turning,3
illustrates,3
iii,3
trigonometric,3
cprime,3
created,3
cubes,3
alphai,3
located,3
kboldsymbolrt2dttext,3
current,3
curved,3
travels,3
allstar,3
k2,3
closure,3
angleboldsymbolr1boldsymbolr2,3
isnt,3
bessel,3
best,3
whereas,3
beyond,3
wedges,3
website,3
x2y2,3
ways,3
brothers,3
protractor,3
p2,3
arithmetic,3
pentagon,3
per,3
replaced,3
rpi,3
assumed,3
bend,3
intuitive,3
width,3
involves,3
x0,3
proper,3
azbczd,3
azbczdtext,3
rthetaz,3
parameter,3
parallelograms,3
based,3
atextlune,3
proofs,3
bbar,3
asteroids,3
proportional,3
papers,3
ln1x,3
int0alpha,3
upon,3
rotates,3
john,3
cgtext,3
changing,3
v1text,3
answera,3
uvw,3
choosing,3
chosen,3
perlmutter,3
overlinebeta,3
scene,3
li,3
jános,3
proceeds,3
claim,3
classify,3
central,3
v2text,3
cdtext,3
inner,3
int,3
versa,3
calm,3
vdots,3
perspective,3
candidate,3
variations,3
rep,3
catalogs,3
valid,3
jeff,3
xyi2,3
causes,3
causing,3
input,3
demonstrated,3
omegam,3
denotes,3
lemma 327,3
noncollinear,3
zinftytext,3
nn12,3
high,3
eithetaz,3
eithetaz1,3
thank,3
lots,3
reztext,3
largest,3
preceding,3
60circ,3
5circ,3
textsince,3
eipi4text,3
lot,3
nothing,3
effort,3
nose,3
early,3
easily,3
edition,3
nontrivial,3
effect,3
theorem 533,3
offer,3
theorem 513,3
nonintersecting,3
ei,3
hintit,3
share,3
z3text,3
texts,3
ends,3
textrez,3
shrinks,3
name,3
halfangle,3
example 812,3
n2pitext,3
exceed,3
n2pi,3
h0,3
textrew,3
positions,3
guide,3
telescope,3
mx,3
td,3
01text,3
natural,3
reveals,3
2i,3
hantschzewendt,3
3i,3
showed,3
example 137,3
example 135,3
3iz,3
evidence,3
everything,3
evaluate,3
established,3
essays,3
equally,3
equality,3
textrev,3
theres,3
plays,3
noticed,3
i1i,3
observations,3
quantity,3
account,3
tn,3
tnz,3
dictates,3
achieved,3
actual,3
logical,3
dhv0v1,3
adelta,3
obvious,3
dhpqtext,3
righthand,3
dh0x,3
discovery,3
rigorous,3
sending,3
tqtext,3
trace,3
deviation,3
develops,3
traces,3
odd,3
km2text,3
determining,3
detectable,3
describing,3
deriving,3
transferred,3
accessible,3
partition,3
divide,3
dtheta,3
things,3
hope,3
dkpqtext,3
holed,3
tied,3
press,3
thought,3
play,3
displacement,3
dostoevsky,3
noting,3
drastically,3
throughout,3
displaced,3
dover,3
thing,3
lehoucq,2
rseithetabetatext,2
slightly,2
ldotstext,2
mark,2
fraczinftypzinftyq,2
isinthetacdot,2
fraczpzq,2
rhombus,2
root,2
solution,2
restrict,2
restriction,2
klt,2
rule,2
kilometers,2
letters,2
leftfraca1c,2
level,2
fracr2overlinezz0,2
rinjtext,2
somet,2
room,2
led,2
leaving,2
required,2
rstext,2
somewhat,2
lightminutes,2
slipher,2
rpi2text,2
richard,2
resembling,2
rew,2
kab,2
lemma 623,2
rho,2
lemma 614,2
requirements,2
sorts,2
sort,2
jersey,2
jet,2
soon,2
jones,2
license,2
launched,2
roughly,2
sometimes,2
ivan,2
mass,2
lambdatext,2
roots,2
ith,2
fracsinhbsinbetafracsinhcsingammatext,2
responsible,2
life,2
karamazov,2
koverlineptext,2
review,2
fracx2y22xytext,2
someone,2
iyt,2
southern,2
riess,2
indicating,2
in 12,2
humanity,2
hintfor,2
loss,2
simtext,2
relating,2
hogan,2
holding,2
hole,2
homogenous,2
getting,2
horocycle,2
hot,2
house,2
sina,2
human,2
separate,2
sharper,2
hunt,2
sensitive,2
sinbeta,2
sincsingamma,2
i2,2
geometry2,2
i74iz,2
ia,2
ic1,2
geometrically,2
m1,2
ic2,2
self,2
icc2text,2
hintfollow,2
shed,2
involve,2
heading,2
ground,2
reithetaztext,2
grows,2
grids,2
guth,2
h2text,2
greatly,2
h3,2
handles,2
showing,2
gravitational,2
hantzschewendt,2
happily,2
happy,2
graph,2
simplifying,2
heart,2
got,2
hed,2
simpler,2
helping,2
simplest,2
helps,2
golden,2
henri,2
heres,2
lower,2
going,2
sheet,2
simplify,2
geometers,2
icdtext,2
icprime,2
s2r2,2
reflexivity,2
inscribe,2
fused,2
saul,2
fundamentally,2
repeated,2
int0x,2
sake,2
intcospi,2
replacing,2
s2text,2
s2r2text,2
sitter,2
ft3,2
s2k2,2
regardless,2
interiors,2
s1text,2
s1infty,2
little,2
s10,2
sized,2
freely,2
literature,2
listed,2
linking,2
sketching,2
sketchpad,2
representing,2
investigating,2
initially,2
says,2
sb,2
sinrs,2
regarding,2
icqtext,2
made,2
idaho,2
generally,2
generality,2
sinhr2pi,2
identities,2
imagination,2
imathbbs1ctext,2
immediate,2
seconds,2
searches,2
imw,2
included,2
includes,2
gammaoverlinez,2
including 9,2
increasing,2
remarkably,2
induce,2
schmidt,2
lnleftfrac1x1xrighttext,2
removes,2
schematic,2
removing,2
scaling,2
inhabitant,2
inherit,2
fracppa,2
theorem 358,2
fracpi4text,2
uniform,2
completely,2
compiled,2
comparing,2
compare,2
company,2
community,2
comes,2
combined,2
pz,2
college,2
unlike,2
outlined,2
unrelated,2
puts,2
classified,2
classic,2
circling,2
complicated,2
comprised,2
threeleg,2
understand,2
tzazbtext,2
tzcdot,2
orientationreversing,2
orientations,2
continued,2
origin7,2
tztw,2
consult,2
uinfty,2
ultimately,2
connection,2
undergraduate,2
confidence,2
cones,2
condition,2
underlying,2
concludes,2
usually,2
overlinealphaoverlinez,2
chis,2
overlineboldsymbolrtboldsymbolrtdelta,2
candidates,2
calculate,2
vesto,2
builders,2
viewing,2
brian,2
break,2
visit,2
visual,2
visualizing,2
vk,2
boundaries,2
overrightarrowz0z,2
books,2
w0,2
boldsymbolt,2
boldsymbolrtdelta,2
canvas,2
vanishes,2
carl,2
certainly,2
v0v0,2
checkerboard,2
v1w,2
changed,2
chance,2
overlinephiq,2
overlinerza,2
century,2
vanish,2
overlinet1bar,2
publishing,2
overlinetw,2
overlinetz,2
cd,2
v5,2
overlinewtext,2
convenience,2
convinced,2
tzazb,2
decide,2
obstruction,2
told,2
diagonal,2
tool,2
obtains,2
dhv4v5,2
dhv2v3,2
dhtptq,2
occurring,2
dhboldsymbolrtboldsymbolrtdelta,2
toverlinez,2
october,2
tqa,2
tracks,2
detailed,2
depend,2
deltais,2
differences,2
difficult,2
observing,2
distributions,2
dprimex,2
nsided,2
doubt,2
document,2
numbering,2
tiled,2
tiles,2
displays,2
direct,2
observation,2
discussions,2
discussing,2
discusses,2
tlangle,2
observational,2
directions,2
deformed,2
transformations ,2
tza,2
omegalambda,2
qp,2
trouble,2
costheta,2
try,2
trying,2
cosmologist,2
coshx,2
qatext,2
q2text,2
twp,2
typically,2
oregon,2
tz0text,2
correct,2
tz3,2
core,2
cooled,2
counts,2
courses,2
covers,2
speaking,2
translates,2
d2,2
traveled,2
cx2y2,2
cutting,2
cut,2
travelling,2
curious,2
cr,2
treat,2
treated,2
cubical,2
crosscaps,2
creates,2
craig,2
trig,2
w1text,2
w3,2
p1overlinepqrightright,2
accelerate,2
z0z1z2z3,2
advantage,2
adopt,2
z12,2
z1i2,2
primarily,2
z1primeprime,2
previously,2
adheres,2
additive,2
added,2
adam,2
actext,2
accurately,2
accurate,2
accounts,2
prevents,2
afd,2
piece,2
against,2
among,2
angletboldsymbolr1tboldsymbolr2,2
phik,2
and 24,2
proceeding,2
proceeded,2
analogous,2
youve,2
am,2
agreement,2
alphantext,2
pi2sqrtk,2
alone,2
prize,2
pi4text,2
alan,2
aid,2
accelerated,2
z2i1,2
phiabc,2
playfair,2
5circtext,2
zz0cdotzz0,2
pqzinfty,2
3text,2
zztext,2
pqz,2
poles,2
“big,2
“convex”,2
23text,2
“face”,2
1text,2
possibly,2
“saddleshaped”,2
0text,2
powerful,2
ppapa,2
zwu,2
6circtext,2
zttext,2
please,2
playfairs,2
abc1rangletext,2
zamp,2
aa,2
a2b2c21text,2
a2b2,2
a1text,2
presents,2
7circtext,2
9th,2
presented,2
zoverlinez,2
zp,2
preimages,2
zprime,2
zt,2
angular,2
produced,2
provided,2
axis5,2
believe,2
whole,2
wi,2
begingather,2
willem,2
began,2
bdtext,2
bczd,2
wish,2
bcz1,2
bb,2
bartlett,2
wont,2
worlds,2
wouldnt,2
b1,2
azb,2
belong,2
beltrami,2
bends,2
bigsx,2
wa,2
walks,2
walls,2
blocks,2
bisects,2
wcdot,2
billion,2
web,2
benefit,2
pack,2
pages,2
went,2
proposed,2
betaoverlinez,2
whenever,2
beta2,2
writing,2
axioms,2
anywhere,2
axiom,2
people,2
arguments,2
arguing,2
argbiggfracz2z0z1z0bigg,2
proofa,2
arent,2
arctanx,2
arctanleftleftfrac1overlinepqqprightrightrighttext,2
arbitrarily,2
approximately,2
xyitext,2
approximate,2
appearing,2
xyzw,2
apparently,2
apollonian,2
aou,2
xmapstotz0,2
argz,2
arrives,2
astronomical,2
wu,2
avoid,2
particularly,2
attempts,2
proofwe,2
passed,2
x21kx2text,2
asteroid,2
arrow,2
assured,2
assumption,2
associativity,2
assemblage,2
pattern,2
xgtext,2
pcdot,2
threw,2
traversing,2
rest,2
figure 3218,2
ta1ta2,2
static,2
modify,2
figure 334,2
st,2
moment,2
tag2text,2
staying,2
figure 3211,2
receding,2
figure 3118b,2
figure 3118a,2
mathbbp2ktext,2
tagequation,2
frac2r1r2text,2
figure 516,2
mathbbr4,2
figure 5425,2
figure 6310,2
readers,2
minute,2
figure 6111,2
t1tz0,2
figure 547,2
ds0x2arctanxtext,2
figure 516a,2
misses,2
figure 5411,2
reach,2
rbiggtext,2
reasons,2
mntext,2
fraca1cfracb1ci,2
rapidly,2
squaring,2
fa,2
failed,2
tatext,2
frac1overlinez,2
taut,2
reciprocal,2
tax,2
fracbar,2
fraca2b21c2,2
extends,2
extending,2
sqrti,2
expressing,2
exponent,2
explicit,2
tape,2
mathbbk2text,2
recent,2
families,2
fanfare,2
farkas,2
random,2
tantheta,2
randomly,2
fathom,2
sqrty2,2
tangency,2
tanalpha2,2
felix,2
motivated,2
figure 131,2
fracadz,2
ready,2
figure 735,2
sqrt86itext,2
frac1tz2,2
students,2
frac12a,2
suggesting,2
strong,2
reappearing,2
frac1sqrtktext,2
reasonable,2
frac1r22rtext,2
stretching,2
fourth,2
frac1z,2
supernovae,2
stretches,2
support,2
frac12i,2
mathbbztext,2
milky,2
substitution,2
frac1overlineztext,2
frac1koverlinetztext,2
mathbbt3,2
frac1kalphabetagamma,2
frac1k1kitext,2
frac1k,2
stupendous,2
studied,2
subsubsection,2
studying,2
frac1c1ccdot,2
frac1aw,2
subtractive,2
mathbbz,2
strategy,2
foremost,2
meant,2
symbol,2
members,2
figure 823,2
figure 818a,2
mathbbr4text,2
stellar,2
figure 8110c,2
figure 811,2
frac1zp,2
figure 762,2
frac2k1k2text,2
figure 7527,2
middle,2
figure 7524,2
sztext,2
figure 825b,2
figure 826,2
megaparsec,2
mathbbrntext,2
figure 831b,2
filled,2
final,2
finish,2
survey,2
fiveyear,2
frac2bcy,2
flexibility,2
flies,2
frac2acx,2
surprise,2
frac23itext,2
frac21x2,2
record,2
subdivided,2
endgather,2
ni,2
textthen,2
encounter,2
restate,2
encouraging,2
endeavor,2
egregium,2
enrico,2
eprint,2
especially,2
fracex,2
textis,2
mathbbcgtext,2
reduce,2
efracpi4ioverlinez,2
theorem 4110,2
edwin,2
easy,2
evaluated,2
event,2
textimwtext,2
theorem 5419,2
sq,2
easier,2
evolve,2
textfor,2
nearest,2
textbfktext,2
theorem 343,2
emphasizing,2
recurring,2
emerge,2
theorem 3212,2
frackah2text,2
spend,2
nobel,2
theorem 3117,2
theorem 3112,2
redundancies,2
mathbbccalmtext,2
fraciz,2
theorem 3415,2
nmanifold,2
eipi2,2
eithetaoverlinezb,2
fraciw1wi,2
fracfracabar,2
nineyear,2
eithetazz0,2
elegant,2
nikolai,2
theme,2
theirs,2
elliptical,2
else,2
emanating,2
eipi,2
embedded,2
mathbbcgamma,2
example 139,2
nonempty,2
quotients,2
dtextbfk,2
textbfk,2
example 817,2
r3pi2,2
exception,2
rectangles,2
quickly,2
n0,2
tends,2
exercise 332,2
recover,2
telescopes,2
techniques,2
teach,2
tdtext,2
theta2text,2
dtext6,2
tcz,2
exercise 732,2
thin,2
multivariable,2
exercise 764,2
dspqtextminleft2arctanleftleftfracq,2
multiplying,2
existence,2
dspq,2
explain5,2
explained,2
tbigg2,2
r3,2
text4,2
example 778,2
ncell,2
fracdw,2
mathbbctextproofsuppose,2
ea,2
theorem 634,2
fracpi2,2
example 5417,2
duw1,2
narrow,2
rectangular,2
textbfi,2
textangles,2
r2r1z,2
example 7714,2
e2,2
e1,2
dwtext,2
sqrt10text,2
notationally,2
duw1w2,2
example 353,2
reflectionswe,1
pristine,1
proceedings,1
processing,1
pqpq,1
pq2qn2,1
pqqnpqqn,1
probability,1
refelction,1
pqqn,1
probably,1
professor,1
procedure,1
proclaim,1
rear,1
pqo,1
preservation,1
reference,1
printable,1
previoius,1
preciley,1
resembles,1
reflecting,1
resist,1
resolving,1
reflected,1
receives,1
rectanglewithedgesidentified,1
prevent,1
prentice,1
refined,1
pressed,1
presence,1
resources,1
preserving,1
respecting,1
respective,1
recording,1
recognize,1
recorded,1
recast,1
researchers,1
rebouças,1
primeprimetext,1
pqrtext,1
print,1
pqrtheta,1
reduced,1
pqst,1
reasoning,1
princeton,1
pqu,1
primetext,1
respectivelywe,1
prevupnext,1
prime,1
pqzinftywinfty,1
redrawn,1
pqzinftywinftytext,1
pqzzinftytext,1
primary,1
redefined,1
reassuring,1
prighttext,1
recently,1
quick,1
reflects,1
r22rrtext,1
relatively,1
r2k2text,1
pzinfty,1
relevant,1
r2tag2,1
pzcdotpz1pqcdotpq,1
r3pi21,1
r3pi2text,1
pz0mptext,1
pz0,1
r4text,1
remove,1
pxtext,1
pwskent,1
putting,1
pushing,1
reithetaz,1
pursuit,1
pursuing,1
reorganized,1
pursued,1
radiation 1 ,1
purpose,1
radii,1
pulled,1
ralph,1
reithetapi,1
randy,1
range,1
r2k2,1
r22rkeigammaeigamma1r2,1
progress,1
q2qwinftyqzinfty,1
quotation,1
qualities,1
qzinfty,1
quadrilateral,1
relations,1
qtextthe,1
r01,1
qtextproofgiven,1
qtextif,1
r0eitheta0,1
r0eitheta0text,1
qtextfirst,1
qtextby,1
qsqrta2b2c2d2text,1
qq,1
qpztext,1
relates,1
r0text,1
qpz,1
r0zei0z,1
qpi,1
r12r22text,1
r1rkeigammarightrighttext,1
qn2,1
qn,1
relate,1
qcdot,1
qatextthe,1
r1ztext,1
publish,1
publications,1
publication,1
ptz,1
propagates,1
refrac2n2pi,1
refrac1n2pi,1
proofsuppose,1
reformulation,1
realizing,1
proofrecall,1
reproduced,1
reproducing,1
realm,1
repsect,1
proofparallax,1
prooflet,1
reappeared,1
proofin,1
repulsive,1
require,1
proofif,1
prooffor,1
proofconsider,1
proofas,1
requirement,1
reform,1
reflexive,1
pronounced,1
projectionthe,1
projection3,1
projecting,1
project,1
propel,1
refracn1n2pi,1
proportion,1
report,1
ptptext,1
ptextproofsuppose,1
ptextfigure 5210,1
ptexta,1
repeatedly,1
pt0pa,1
repeating,1
reithetabetatext,1
replace,1
reitheta2,1
pt,1
psychology,1
psh3,1
reports,1
realizes,1
rational,1
prtext,1
ratiotext,1
reifracpi4k,1
reibetatext,1
proven,1
reaching,1
reading,1
proportions,1
realaxis,1
proportionality,1
realized,1
representatives,1
reacquainted,1
sw,1
restated,1
units3,1
tztwzw,1
tzxyz,1
u0,1
u22,1
u2v24u1,1
unaffected,1
unappealing,1
unbounded,1
uniformity,1
uniformly,1
unimpeded,1
units9,1
uqttext,1
universe2,1
universe5,1
universenow,1
universewhat,1
unknowns,1
unlikely,1
unseen,1
unsuccessful,1
unusual,1
updated,1
upperhalf,1
tztext,1
tzkztext,1
tzinfty,1
tzi,1
trip,1
true”,1
truly,1
tt0a,1
ttext13,1
ttmtext,1
ttztext,1
tubablast,1
tug,1
tuv,1
tw,1
tweaked,1
twoelement,1
txxyz,1
txyz,1
tysytxibig,1
tytext,1
tyxyz,1
tz1tz2,1
tzazbczd,1
tzeithetafraczz01overlinez0ztext,1
tzeithetazpptext,1
tzeithetazz0text,1
uqtpibetatext,1
usa,1
tfrac1aw,1
vp1text,1
venerable,1
versaeach,1
versions,1
vertexthe,1
vi1,1
vi1text,1
vierteljahrschrift,1
vol,1
volokhonsky,1
volumes,1
volunteer,1
vs,1
usubstitution,1
vwtext,1
vz1z2,1
w02,1
w02r2z,1
w1qtext,1
w301,1
w301text,1
w95text,1
wait,1
walking,1
war,1
vec,1
varying,1
varphi,1
variety,1
usz,1
usztext,1
utext3,1
utilize,1
utmost,1
uvtext,1
uvz,1
ux,1
uzan,1
uzzd,1
v1v1text,1
v1w1,1
v1w2text,1
v1z,1
v22au,1
v3,1
v3text,1
v4,1
v4v5,1
vacuum,1
vague,1
valuable,1
valued,1
tright1,1
tright,1
tries,1
thinkers,1
theorem 744,1
theory 1 ,1
therein,1
theta0,1
theta1phi1,1
theta2phi2text,1
thetaarctan13text,1
thetacdot,1
thetas,1
thetatextnow,1
thetatextthus,1
thirteen,1
tried,1
this6,1
threespace,1
threetenths,1
throws,1
thurston,1
thurstons,1
ti,1
ti2,1
tidy,1
ties,1
tight,1
theorem 743,1
theorem 637,1
theorem 624,1
theorem 6213,1
themproof,1
theorems 345,1
theoremthe,1
theorem 121,1
theorem 223,1
theorem 242,1
theorem 3119,1
theorem 319,1
theorem 3210,1
theorem 3214,1
theorem 324,1
theorem 3412,1
theorem 345,1
theorem 346,1
theorem 348,1
theorem 3582,1
theorem 526,1
theorem 537,1
theorem 5376,1
theorem 5412,1
theorem 549,1
theorem 616,1
theorem 6211,1
tinfty8text15,1
tinftyactext,1
tinftyinftytext,1
tracking,1
transferring,1
transformation14,1
transformation2,1
transformation4,1
transformationif,1
transformationjust,1
transformationproofsuppose,1
transformationsby,1
transformationswe,1
transformationswithout,1
transformations 3 ,1
transforms,1
translating,1
translation4,1
translationif,1
translations3,1
trap,1
traveling,1
traversed,1
treading,1
triangleproofconsider,1
triangles6,1
triangles9,1
tranformation,1
tracked,1
tinftytext,1
tptqtext,1
tinftytext6,1
tireless,1
titext,1
tli,1
tln1,1
tltext,1
tm,1
tmathbbd,1
tmathbbs3,1
toa,1
today,1
took,1
tools,1
tophalf,1
topology 23,1
tormented,1
torusin,1
torusof,1
touch,1
tour,1
to 10,1
to 19,1
tptq,1
wash,1
watch,1
wavelength,1
z3i1text,1
z212z,1
z22,1
z233iz23i0text,1
z23z,1
z24z,1
z2i,1
z2prime,1
z2primetext,1
z2text”,1
z2z,1
z3i,1
z3i41iz22iw,1
z01overlinez0ztagtransformation,1
z3z1z2text,1
z3z5,1
zaxis,1
zcb,1
zcdotfrac1w,1
zcdotz,1
zdirection,1
zepsilon,1
zerothis,1
zi5,1
zinftypwinftyp,1
z1ztext,1
z1z3zz3text,1
z1z2ztext,1
z1z22text,1
z0biggfractextrealphac,1
z0biggtext,1
z0infty,1
z0mqq,1
z0ptext2,1
z0textproofgiven,1
z0ttext,1
z0wz0ztext,1
z0z,1
z0z1text,1
z0z1z0text,1
z0z1z2z3text,1
z0zcdotz0w,1
z0zcdotz0z,1
z0ztext,1
z0ztext4,1
z10,1
z123z5text,1
z1overlinez1text,1
z1overlinez1z1,1
z1text,1
z1z0,1
z1z0cdotfraczz0overlinez0z,1
zizitext,1
zk,1
zneq,1
‘klein’,1
“cline”,1
“dividing,1
“eastbound”,1
“edge”,1
“galactic”,1
“inversion,1
“laps”,1
“longer”,1
“moves”,1
“one,1
“preimage”,1
“quarter,1
“rolling”,1
“screen”,1
“slice”,1
“small”,1
“straight,1
“subgeometries”,1
“thanks,1
“the,1
“triangle”,1
“triangular”,1
“undoes”,1
“arrow”,1
―jános,1
zootext,1
―albert,1
zpcdotfraczqpq,1
zpcdotzpcdotfraczqzpcdotfrac1pq,1
zpkzq,1
zq,1
zqamp,1
zr2,1
zs,1
ztext2,1
ztexteach,1
ztextwe,1
zuw,1
zwuvtext,1
zxyi,1
zxyitext,1
zz0,1
zz1,1
zz1z0z0,1
zz2,1
 17,1
 18,1
 22,1
  anderson,1
©20172020,1
z0amp,1
z00text,1
weak,1
x11,1
wsti,1
wtextif,1
ww,1
wzu,1
wzutext,1
wzv,1
x0g0text,1
x0p,1
x0ptext,1
x0text,1
x10,1
x12,1
yxtext,1
x1x,1
x1yztext,1
x21x2text,1
x2y22xy,1
xa2,1
xaxis,1
xcoordinate,1
xdirection,1
xfracx33fracx55cdotstext,1
xh2,1
xhyki,1
wrapping,1
wqatext,1
wq,1
wp,1
webpage,1
wellknown,1
welltraveled,1
whatever,1
whats,1
whichever,1
whirlwind,1
wideangle,1
wiley,1
william,1
window,1
windows,1
winftyqzinftyq,1
winftytextproofsuppose,1
wins,1
withdrew,1
won,1
wonderful,1
word,1
work7,1
workable,1
workshop,1
worst,1
xi,1
xiii,1
xitext,1
y21ky2text,1
yb2,1
ycoordinate,1
ydirection,1
years2,1
yep,1
yet,1
yield,1
yk2,1
yk2text,1
yo,1
youll,1
younger,1
yprimet2dt,1
ysxtitext,1
yt,1
yt2,1
yt2sqrtxprimet2,1
ytdelta,1
ytextbfj,1
ytextfor,1
yttext,1
yx,1
yx1text,1
y2text,1
y1y22,1
xkgktextproofsuppose,1
y0itext,1
xmapstortheta,1
xneq,1
xntext,1
xprime,1
xprimet,1
xrstext,1
xsxright,1
xsysixtiyti2,1
xsyt,1
xsyttext,1
xt2,1
xtdelta,1
xtextbfi,1
xtextfor,1
xxprimetext,1
xy1z,1
xyamp,1
xyicdotsti,1
xytext,1
xyz0,1
xyz1text,1
xyztext,1
y01,1
thats,1
text 2,1
returning,1
sinhlnxy,1
sin2leftfracr2srighttext,1
sin2pi,1
sin2t,1
sin2x,1
sinarctanrcosarctanrtext,1
sineslet,1
sinh0,1
sinh2fracr2samp,1
sinh2fracr2stext,1
sinh2r2textother,1
sinh2x,1
sinhr,1
sinttext,1
sinhrr,1
sinhrs,1
sinhrtext,1
sinhrtext3,1
sinhxamp,1
sinhxtext,1
sinr2pi,1
sinrtext,1
sinthetabetai,1
sinthetadtheta,1
sinthetasinbeta,1
sin2fracr2s,1
sin2arctanr,1
simulations,1
simplifies,1
served,1
set3,1
setfor,1
setsproofsuppose,1
seven,1
shadow,1
shall,1
shapiro,1
shares,1
sharing,1
shoot,1
shortcut,1
shouldnt,1
showcases,1
shrinking,1
sided,1
sidelength,1
sides11,1
sights,1
signs,1
simgtext,1
similarity,1
simplified,1
sinthetatext,1
siq,1
texttherefore,1
springerverlag,1
spergel,1
sphere6,1
spherebefore,1
spherein,1
spherewithcylinder,1
sphere”,1
spirit,1
splitting,1
sport,1
spotting,1
spread,1
sprinkled,1
sit,1
sqrt1,1
sqrt102,1
sqrt10eitheta2text,1
sqrt122,1
sqrt1x2,1
sqrt29,1
sqrt2atext,1
sqrt32,1
sqrt33i2423i2,1
sqrt3i,1
sqrt3text,1
spectrum,1
specify,1
specific,1
spatial,1
sitting,1
sliced,1
slices,1
slip,1
slit,1
slnleftfracsxsxrighttext,1
slopes,1
slow,1
slowing,1
slowly,1
smallish,1
smoother,1
socalled,1
software,1
solved,1
somebody,1
somewhere,1
sounds,1
source,1
sp,1
spaced,1
spacetime,1
space 1 ,1
serve,1
sept,1
separates,1
rpi2,1
rltext,1
road,1
rob,1
rolling,1
rotated,1
rotation11,1
rough,1
roverlinezr,1
row,1
rp,1
rpi1,1
rpi21,1
separated,1
rpitext,1
rpmr,1
rprimetext,1
rqtext,1
rright,1
rscostheta,1
rscosthetabeta,1
rscosthetacosbeta,1
rsintheta,1
rt,1
rtext10,1
rlt,1
rk2cosgamma1r21k2,1
rises,1
rio,1
revealing,1
reversed,1
reversing,1
rez2b,1
rfrac3pi2,1
rfracpi21text,1
rfracs2x22xtext,1
rgeq,1
rgt,1
rhoc,1
rhoctext,1
rhode,1
rholambda,1
rholambdatext,1
rhomtext,1
rhotext,1
riazuelo,1
rich,1
rid,1
right2text,1
rightarrow,1
righttext,1
rinj,1
rtext2,1
rthetazeithetaztext,1
rules,1
scan,1
schematics,1
scheme,1
schemes,1
school,1
schwarzschilds,1
science,1
scientist,1
scosbetaisinbeta,1
scottish,1
scramble,1
scratch,1
seam,1
seams,1
sectheta,1
sector,1
see 12,1
see 21,1
see 22,1
see 23,1
see 25,1
see 28,1
seialpha,1
sensual,1
scenarios,1
saying,1
runs,1
saunters,1
russian,1
rza,1
rzcdot,1
rzeithetaz,1
rzeithetazz0,1
rzeithetazz0z0text,1
rzoverlinez,1
s0,1
s11,1
s1circ,1
s1usz,1
s2k2r2text,1
s2k2tag1,1
s2tag1,1
s3,1
s4text,1
sabbatical,1
saddlelandremember,1
saddlepoint,1
safe,1
sarctanxstext,1
satisfactory,1
satisfied,1
sqrt52text,1
sqrt86i2,1
sqrt86i2text,1
tavern,1
tan143approx,1
tanalpha,1
tangible,1
tanpi8,1
tanpi8text,1
tantalizing,1
tantheta2tanthetasectheta1,1
tanx,1
tap,1
tarangle,1
taught,1
taz,1
t21kt2text,1
tb0,1
tbcirc,1
tbctext,1
tbcztext,1
tbiz,1
tboldsymbolrttext,1
tbtctext,1
tbz2”,1
tbzb,1
tc1,1
tc1c2text,1
tan112,1
tall,1
talk,1
tagz,1
t2circ,1
t2dt,1
t2i,1
t2text,1
t3inftytext,1
t3ldots,1
t3z,1
t4i,1
ta1,1
ta1scirc,1
ta2,1
tablet,1
tabletops,1
tack,1
tackled,1
tackling,1
tag1,1
tag2,1
tag3text,1
taginvariance,1
taglet,1
tagpartialfractions,1
tagyeptext,1
tcdot,1
tctext16,1
tctextwe,1
textbfkitextbfjtext,1
textbook,1
textbooks,1
textby,1
textbyknowlknowlthpolarmulthtmltexttheorem,1
textbypxy,1
textcopiestext,1
textifz,1
textimz,1
textimz0,1
textimz12text,1
textimzitext,1
textimztext,1
textin,1
textit,1
textkm2text,1
textmindhzw,1
textminzw,1
textorz1,1
textprooffirst,1
textproofwe,1
textrevtext,1
textreztext,1
textreztextrewtextrew,1
textbfkj,1
textbfk2,1
td1,1
textbfjtext,1
temperatures,1
templates,1
temptation,1
tenfaced,1
terminology,1
test,1
tests,1
tethers,1
tex,1
text3,1
text7,1
text8,1
textand,1
textandz,1
textbfi2,1
textbfij,1
textbfijk,1
textbfik,1
textbfitext,1
textbfj,1
textbfj2,1
textbfji,1
textbfjk,1
t21text,1
t21,1
sqrt9,1
strikingly,1
steinhardt,1
step,1
steps,1
stereographically,1
stextnow,1
stillwell 10,1
stir,1
stitch,1
store,1
strange,1
stretch,1
stripnotice,1
t1ztext,1
stroke,1
stroll,1
sts1inftystpspinftytext,1
studies,1
stumble,1
stumbled,1
sturdy,1
subsequent,1
subsequently,1
substituion,1
substitute,1
stays,1
stay,1
stating,1
stated,1
sqrtbeta2,1
sqrtbigg,1
sqrtcos2pintext,1
sqrtdxdt2,1
sqrtfracalpha2cdc2text,1
sqrtk2d,1
sqrtm2,1
sqrtr0eitheta02text,1
sqrtx1x22,1
sqrtx2,1
sqrtxh2,1
sqrtxt,1
sqrtz0text,1
ssinbiggfracrsbiggtext,1
ssinfracrstext,1
ssinhrstext,1
ssinrs2pi,1
ssinrstext,1
ssintheta,1
sta1sta2,1
standing,1
stargazers,1
starkman,1
subtended,1
successive,1
sufficient,1
sweat,1
sweeping,1
swing,1
swirl,1
swirls,1
sx,1
symbolic,1
symbolize,1
systems,1
sytxibig,1
sz0text,1
sz2,1
t024text,1
t0bd,1
t0cdot,1
t0text,1
t0z,1
t11circ,1
t12text,1
t1a,1
t1b,1
t1circ,1
t1wz,1
t1y,1
sweep,1
sv1w2,1
suggest,1
suspect,1
suitably,1
suited,1
sumfor,1
sumi1n2kai,1
sumi1n2sum,1
summarized,1
summarizing,1
summary,1
summing,1
superclusters,1
superimposed,1
supernaovae,1
supplement,1
supplements,1
supported,1
supports,1
surface2,1
surfacesfor,1
surfacethe,1
surprisingly,1
surrounding,1
surroundings,1
surveys,1
pq2,1
0011text,1
pptext,1
dicd,1
dhputext,1
dhpvtext,1
dhqptext,1
dhqr,1
dhtptu,1
dhuv,1
dhxxh,1
dhz1z2,1
dhzpdhzqtext,1
dhzw,1
dhzwtext,1
dhzz0,1
diagonally,1
dictating,1
dhprtext,1
differentiable,1
differentials,1
differs,1
dilate,1
dilationgiven,1
directional,1
directionthe,1
discernible,1
disciplines,1
discourages,1
discovering,1
disks,1
disktwo,1
dhpu,1
dhpqlnpquvtext,1
displaystyleoverlinezw,1
detttext,1
deficiency,1
defines,1
definition 714,1
deformations,1
dekker,1
deltatext,1
demonstrate,1
departmentlinfield,1
deprive,1
desciption,1
detection,1
detects,1
detext,1
developments,1
dhpqdhqu,1
deviates,1
devoted,1
dfrac1zfrac1overlinez0text,1
dfracalpha,1
dh0p,1
dh0qamp,1
dh0tqtext,1
dh0w,1
dh0xdhxxh,1
dh0xh,1
dh0z,1
dhboldsymbolrt,1
dhpq0,1
displaystylelimntoinfty,1
displaystylezw,1
decreasing,1
dull,1
ds0q,1
ds0r2arctanrtext,1
ds0x,1
dspq2arctanleftbiggfracq,1
dspq2arctanleftleftfracq,1
dspqds0xtext,1
dspqtext,1
dsrkeigamma,1
dt,1
dtanptext,1
dtextwe,1
dtptqtext,1
du,1
duri,1
drops,1
dusty,1
dutch,1
duv,1
dwoverlinew,1
dwoverlinew0text,1
dxhdxdwtext,1
dxtext,1
dxty,1
dxz,1
dydt2dttext,1
dyx,1
dyz,1
dzwzwtext,1
ds012arctan1pi2text,1
drop,1
distinction,1
dodecahedronhyperbolic,1
distincton,1
distributed,1
distributionsthis,1
ditext,1
dive,1
diverse,1
dividends,1
divisors,1
dkpq,1
dkpqdk0tqtext,1
dkzp,1
dkzq,1
dn,1
domains,1
driving,1
dominated,1
dose,1
double,1
dpq,1
dpqp,1
dprime,1
dptp,1
dqtq,1
drag,1
dramatically,1
dramatized,1
drawing,1
dright,1
deducing,1
decompose,1
completed,1
cos2sqrtkatext,1
converges,1
conway,1
cool,1
copernicus,1
corollary 329,1
correlation,1
correlations,1
correpond,1
cos0,1
cos2arctanr,1
cos2arctanrsin2arctanr,1
cos2arctanx,1
cos2pi,1
cos2tdt,1
contributions,1
cos2x,1
cosacosbsinasinbcosgammatext,1
cosacosbtext,1
cosb,1
cosbetaisinbeta,1
cosccosacosbsinasinbcosgammatext,1
cosh0,1
cosh2a,1
cosh2atext,1
cosh2sqrtkatext,1
cosh2x,1
cosh2xsinh2x1text,1
cosh4a1sin2thetasin2thetatext,1
controversial,1
contrast,1
coshacoshbsinhasinhbcosgamma,1
considerable,1
component,1
components,1
componentwise,1
composed,1
computationally,1
concern,1
concerned,1
conclusion,1
congruent6,1
congruentprooffirst,1
congruentproofwe,1
conisder,1
consequences,1
considers,1
contrary,1
consistency,1
constantly,1
constituents,1
constraining,1
constructive,1
constructs,1
consulted,1
consulting,1
contained,1
continues,1
continuing,1
contradict,1
contradictory,1
cosha,1
coshacoshbsinhasinhbcosgammatext,1
deciding,1
czoverlinezalpha,1
ctextproofassume,1
cubic,1
culminating,1
cumbersome,1
cupshaped,1
curriculum,1
curvature3,1
curvaturethe,1
curvethe,1
curving,1
cx2y2ax,1
cylinderthis,1
cz2,1
d00x2x,1
crunch”,1
d1,1
d2text,1
da,1
dac,1
david,1
dawn,1
day,1
daz,1
dc,1
dc0,1
dctext,1
debt,1
december,1
crystalizes,1
cruising,1
coshacoshbtext,1
cossqrtkccossqrtkacossqrtkbsinsqrtkasinsqrtkbcosgammatext,1
coshb,1
coshcscoshascoshbssinhassinhbscosgammatext,1
coshd,1
coshdh0p,1
coshdhpq,1
coshlnxy,1
coshsqrt2atext,1
coshsqrtk,1
coshxamp,1
coshxexex2,1
coshxtext,1
cospi2,1
cossqrtk,1
cost,1
crown,1
costdt,1
costheta45text,1
costhetasinbetasinthetacosbetai,1
costhetavecvcdotvecw,1
counteract,1
counteracting,1
counterexample10,1
counting,1
coveringpractically,1
cprimetext,1
cr2pi,1
creative,1
crossing,1
e1e2s,1
e1e2utext,1
e221itext,1
false”,1
exploring,1
exponential,1
extensive,1
extensively,1
fa1,1
fa2,1
fabulous,1
facilitate,1
factors,1
fainter,1
fair,1
fall,1
falling,1
farmer,1
exploding,1
faster,1
fat,1
father,1
fatigued,1
fb,1
fear,1
feared,1
feat,1
february,1
feedback,1
feel,1
feels,1
ficf,1
explore,1
explanation,1
figure 114,1
exercise 741,1
exercise 359,1
exercise 525,1
exercise 531,1
exercise 536,1
exercise 549,1
exercise 553,1
exercise 617,1
exercise 621,1
exercise 6312,1
exercise 639,1
exercise 723,1
exercise 725,1
exercise 734,1
exercise 744,1
explains,1
exercise 774,1
exericise 324,1
exex2,1
existed,1
exists5,1
expands,1
expansions,1
expected,1
expended,1
experiencing,1
experimentally,1
explain3,1
explain4,1
fields,1
figure 122,1
e2pi,1
figure 6210,1
figure 5313,1
figure 532,1
figure 5410,1
figure 5416,1
figure 5420,1
figure 5422,1
figure 5423,1
figure 5424,1
figure 546,1
figure 552,1
figure 553,1
figure 613,1
figure 615,1
figure 627,1
figure 527,1
figure 6315,1
figure 633,1
figure 636,1
figure 638,1
figure 711,1
figure 712c,1
figure 713,1
figure 732,1
figure 734,1
figure 745,1
figure 751,1
figure 7511a,1
figure 7511b,1
figure 531,1
figure 517b,1
figure 123a,1
figure 3218b,1
figure 123b,1
figure 1310,1
figure 132,1
figure 133,1
figure 136,1
figure 138,1
figure 211,1
figure 221,1
figure 321112,1
figure 3213,1
figure 3215,1
figure 3217,1
figure 3218a,1
figure 325,1
figure 517a,1
figure 349,1
figure 351,1
figure 3512,1
figure 352a,1
figure 354,1
figure 355,1
figure 356,1
figure 4178,1
figure 422,1
figure 512,1
figure 514,1
figure 516b,1
figure 516c,1
exercise 358,1
exercise 3515,1
exercise 3512,1
email,1
eithetafrac1z,1
eithetafraczp1overlinepz,1
eithetafraczz11overlinez1z,1
eithetaoverlinezbtext,1
eithetar2,1
eithetareibeta,1
eithetaztext,1
electromagnetic,1
electrons,1
elegantly,1
elementary,1
elliptc,1
elliptic4,1
emanate,1
eitheta1text,1
embark,1
embed,1
embrace,1
emerged,1
emphasis,1
emphasized,1
enabling,1
enclose,1
enclosed,1
encoded,1
ending,1
endow,1
enormous,1
eithetacdot,1
eipiztext,1
exercise 344,1
efracpi4icdot,1
e2se1,1
ea1ea1text,1
ea1text,1
ea22,1
earlier,1
earthsun,1
easiest,1
eastbound,1
eds1text,1
edstext,1
efforts,1
efracpi2i,1
efracpi2ioverlinez5i,1
efracpi4iz,1
eipitan143,1
ei0,1
ei3pi2ztext,1
ei5pi3,1
eice,1
eigammaeigamma2cosgammatext,1
eipi2text,1
eipi2ztext,1
eipi3,1
eipi3text,1
eipi4,1
eipi6,1
eipialpha,1
eipicdot,1
ensure,1
entering,1
enthusiast,1
example 813,1
example 414,1
example 415,1
example 542,1
example 6311,1
example 715,1
example 748,1
example 7515,1
example 7518,1
example 7521,1
example 754,1
example 766,1
example 7711,1
example 777,1
example 814,1
epsilon,1
example 815,1
example 819,1
exceeding,1
excellent,1
exceptional,1
exciting,1
exclusive,1
exercises 135,1
exercise 122,1
exercise 241,1
exercise 321,1
exercise 3210,1
exercise 3212,1
example 412,1
example 322,1
example 3110,1
example 244,1
epsilontext,1
equilateral,1
esqrtk2d,1
esqrtk2dtext,1
esqrtkdtext,1
essence,1
establish,1
establishment,1
estimations,1
etended,1
ethe,1
euclideanpredicted,1
european,1
evaluating,1
evenly,1
everyone,1
everyones,1
evolution,1
evolved,1
evolves,1
ex,1
ex2,1
ex2text,1
exact,1
example 1352,1
example 1373,1
example 243,1
completion,1
compared,1
figure 7513,1
and 16,1
amateur,1
ambitious,1
american,1
amounts,1
ams,1
amtext,1
analogously,1
analogue,1
analytic,1
analytically,1
analyzed,1
anchors,1
andab,1
angleboldsymbolr1boldsymbolr2text,1
altitude,1
angled,1
angleicl1icl2text,1
anglel1l2text,1
anglel2l1text,1
angleproofsuppose,1
anglesproofsuppose,1
anglesthe,1
angletl1tl2,1
annual,1
answer5,1
answered,1
answerfracpi180text,1
answering,1
alyosha,1
alternative,1
antiderivative,1
alas,1
adventures,1
adventurous,1
advertised,1
aesthetic,1
afracbar,1
agagtext,1
agency,1
agrees,1
ah,1
ahtext,1
ai,1
aim,1
aj,1
allow,1
altered,1
allowed,1
almost,1
alpha0fracsinthetasinthetadtheta,1
alphabetagamma,1
alphacdot,1
alphafracwba,1
alphagamma2alphatext,1
alphaktext,1
alphaktextproofwithout,1
alphatextan,1
alphatextproofto,1
alphatextthe,1
alter,1
anticipated,1
antiquity,1
advanced,1
arxiv150201589v3,1
argz2z0argz1z0text,1
argztext,1
argzw,1
armband,1
arose,1
arrival,1
arrived,1
arrows,1
arthur,1
article,1
articles,1
artificial,1
arxiv08030732,1
asim,1
argw,1
asint,1
asking,1
assigned,1
associated,1
associative,1
astronom,1
astronomer,1
astrophco,1
astrophysical,1
astrophysics,1
asymmetric,1
asymptotically,1
atextif,1
argwtext,1
argvw,1
aouafd,1
arccos1x21x2text,1
appeal,1
appealed,1
appealing,1
appendix,1
appliance,1
application,1
approacheuclidean,1
approximated,1
approximates,1
ar1,1
ar2,1
ar3,1
arccos1x21x2,1
arcseconds,1
argv,1
arctanatext,1
arctanleftleftfrackeigamma,1
arctanq2arctank,1
arctanr,1
arctanxs,1
arctanxtext,1
area10,1
arg2iarg1i,1
argbiggfracaz2baz0baz1baz0bbigg,1
argbiggfractz2tz0tz1tz0bigg,1
argbiggfracwvuvbiggtext,1
argbiggfracz2z0z1,1
argbiggfraczwbiggargzargw,1
advantages,1
adtext,1
compactness,1
4i27i,1
34526circtext,1
358–136627  schwarzschild,1
35–21425  luminet,1
3600circ,1
37–4728  uzan,1
3iamp,1
3iz9iiz13i,1
3  gray,1
413itext,1
43–45317  ade,1
481–148819  cornish,1
4b2text,1
4i,1
51–33324  luminet,1
30220  foote,1
52text,1
5ei5pi6,1
5i,1
5itext5,1
5since,1
6text,1
6  adams,1
72886circtext,1
80circtextgetting,1
80circtextwe,1
92438circtext,1
93–9526  rebouças,1
9527  jennings,1
30circtext,1
2textwe,1
9614  heath,1
16412itext,1
002001text,1
0045pm,1
0052  boas,1
00822  hinshaw,1
01323  levin,1
01618  bahcall,1
01rangle,1
01textin,1
0eitheta,1
0inftytext,1
0ytext,1
0z1primetext,1
13text,1
16circ,1
2ea2right2,1
16circtext,1
1cdots,1
1i,1
1iz22iw,1
1sqrtk,1
1st,1
1z,1
214text,1
24ea,1
25text,1
28text,1
2b,1
2ea12,1
9565  henle,1
9799  sieradski,1
adopting,1
accuracy,1
abctextfirst,1
abdtext2,1
abfrack2piaaabtext,1
abi,1
above2,1
absence,1
abtext,1
abuse,1
acaaabfrack2piaaabtext,1
accelerating,1
accolades,1
accomplish,1
accordingly,1
activites,1
abcd1rangletext,1
activities,1
adbc,1
adbc0,1
adds,1
adhering,1
adjacent,1
adjoin,1
adjoining,1
adjust,1
admirably,1
admired,1
admitted,1
admitting,1
abctext,1
abcctext,1
980s,1
a1a1a2a2cdots,1
9873  coxeter,1
990s,1
99210  stillwell,1
99211  thurston,1
99712  weeks,1
9976  hilbert,1
99815  rucker,1
9988  schwerdtfeger,1
99914  hogan,1
9  joyce,1
9–6921  hinshaw,1
a1a1,1
a1a1a2a2a3a3text,1
a1a1a2a2text,1
abcabctext,1
a1a1cdotsagag,1
a1a2a3b1b2,1
a1b1a11b11a2b2a21b21,1
a1b1a11b11a2b2a21b21cdotsagbgag1bg1text,1
a1b1a11b11cdotsagbgag1bg1,1
a2a2,1
a2b2r2text,1
aba1b1text,1
aba1btext,1
abandon,1
abara,1
abard,1
abca1b1c1text3,1
atextproofwe,1
atom,1
attaches,1
capture,1
calculation,1
caletext13,1
calh,1
calhtext,1
calling,1
calt,1
calttext,1
cam,1
came,1
cancellation,1
cancelling,1
cant,1
caps,1
catalograther,1
cadtext,1
catalogthe,1
catching,1
categorized,1
catext,1
cause,1
caused,1
cbar,1
ccp,1
cda2,1
cdu2,1
ceiling,1
celebrated,1
centimeter,1
calculated,1
c6,1
cg1c1text,1
brother,1
book 11,1
boston,1
bothered,1
bottle4,1
bottomhalf,1
boundarythus,1
boverlinea,1
boverlinea0text,1
branches,1
brand,1
brilliant,1
broader,1
broom,1
btextalthough,1
c5,1
btextreflections,1
bugs,1
bumped,1
bumping,1
bumps,1
buttons,1
buy,1
bv,1
bypasses,1
c2text12,1
c2textprooflet,1
c4,1
c425,1
cfrac1sqrtk,1
challenge,1
attaching,1
code,1
cj,1
cleared,1
clicking,1
cline11,1
clineproofif,1
clinesprooffirst,1
clineswe,1
cline”,1
clinging,1
clock,1
closely,1
closest,1
cluttered,1
cohnvossen,1
cirlces,1
coincidence,1
collectors,1
collects,1
collegemcminnville,1
collinear,1
colossal,1
combinations,1
combine,1
comforting,1
comment,1
comments,1
commonly,1
commons,1
citext,1
cirlce,1
challenges,1
chistext,1
chances,1
characteristics,1
characterized,1
characterizing,1
checking,1
chelsea,1
chicg2,1
chicg2gtextin,1
chihg1,1
chihg22gtext,1
chill”,1
chimathbbs2,1
chiproofthe,1
chitext,1
circumferences,1
choices,1
chord,1
chunk,1
cicles,1
circle4,1
circleproofsuppose,1
circleproofwe,1
circles4,1
circlesin,1
circlesproofa,1
circlethe,1
circle”,1
circtext,1
bookend,1
bolya,1
boldsymbolz,1
beach,1
barbbarcz,1
barctext,1
bard,1
barely,1
base,1
batext,1
bbig,1
bcbar,1
bctext,1
bcwatext,1
bcz2,1
bcz2text,1
bda,1
bear,1
ballelliptic,1
bearing,1
became,1
beezer,1
begged,1
begincases1overlinez,1
begincases2pi,1
begincasesfraca1cfracb1ci,1
begincasesfraca1dtextbfifracb1dtextbfjfracc1dtextbfk,1
begincasesfracr2overlinezz0,1
begincasess,1
beginning,1
behave,1
behaves,1
balls”,1
bafracoverlinealpha,1
boldsymbolxkgk,1
aybxiaxby,1
attempt,1
attempted,1
attributionsharealike,1
author,1
authors,1
avail,1
available,1
avoids,1
aw,1
awry,1
axisshow,1
axiswe,1
aybxi,1
az00z,1
backtracks,1
azbcz,1
azw,1
b0text,1
b21c2,1
b2cdc2,1
b2cdtext,1
b2z0r,1
b2zs,1
b3a,1
b3boldsymbolpr,1
ba,1
bac,1
backdrop,1
beings,1
beithetaz2,1
believes,1
boldsymbolrabto,1
boas,1
bold,1
boldface,1
boldsymbol,1
boldsymbola,1
boldsymbolh1,1
boldsymboll,1
boldsymbolptext,1
boldsymbolr0,1
boldsymbolr0t,1
boldsymbolr2text,1
boldsymbolra,1
boldsymbolrab,1
boldsymbolrb,1
beloved,1
boldsymbolri,1
boldsymbolrprimetdt,1
boldsymbolrprimetdttext,1
boldsymbolrt1,1
boldsymbolrt2boldsymbolrprimetdttext,1
boldsymbolrt2dt,1
boldsymbolrt2dtamp,1
boldsymbolrt2text,1
boldsymbolv0,1
boldsymbolvboldsymbolv0boldsymbolvboldsymbolv0,1
boldsymbolvboldsymbolw,1
boldsymbolvx1y1z1,1
boldsymbolwx2y2z2,1
bnboldsymbolprtext,1
bnboldsymbolpr,1
bm,1
bitext2,1
bending,1
bent,1
beseech,1
bet,1
beta2text,1
betagammaoverlinez,1
betaoverlinebeta,1
better,1
bg,1
bigfrac1aw,1
bigg01biggdtheta,1
bigg11x2right,1
bigg2,1
bigger,1
biggfrac12biggkfrac1kbiggeigammabigg,1
biggfrac21r2,1
biggfrac2xx2y21frac2yx2y21fracx2y21x2y21bigg,1
biggfracacbigg2,1
biggfracq,1
biggfracrdbigg2,1
biggsumi1n,1
biggsumi1nalphaibigg,1
biggxfracadbigg2,1
biggyfracbdbigg2,1
bijection,1
billiard,1
bisecting,1
figure 7511c,1
figure 7520,1
ppeitheta,1
lorentz,1
lnri,1
lntanalpha2,1
lntanpi4p,1
lnvarphi,1
lnvarphi2,1
lnvarphitext,1
lnw1w2,1
lnx,1
lnz1,1
log,1
logically,1
london,1
longitudinal,1
low,1
lnleftfracs,1
lowerbound,1
lowerdimensional,1
lss 19,1
ltboldsymbolrtextthe,1
ltexta,1
ltextfigure 527,1
ltextproofconsider,1
lucky,1
luminet,1
lumpy,1
lunar,1
lunch,1
lurking,1
lnpquvtaginvariance,1
lnleftfracrsrighttext,1
m2,1
lived,1
licensed,1
life 1 ,1
lightyears7,1
likelihood,1
likewise,1
limitation,1
limitations,1
limited,1
limiting,1
lineproofgiven,1
lines4,1
line”,1
links,1
ln0x11,1
lnleftfrac1z1zrighttext,1
ln0x11text,1
ln1,1
ln1k,1
ln1ktext,1
lnbiggfrac1frac1sqrt51frac1sqrt5bigg,1
lnbiggfrac1q1qbigg,1
lnbiggfracsqrt5124bigg,1
lnbiggfracsqrt512sqrt51sqrt51bigg,1
lnbiggfracsqrt51sqrt51bigg,1
lnbiggfracsxsxbigg,1
lnleftfrac1overlinepqqp1overlinepqqpright,1
lnleftfrac1overlinepqqp1overlinepqqprighttext,1
lnleftfrac1tq1tqrighttext,1
lying,1
m2b,1
lengthwhile,1
mathbbr3 is,1
mathbbd2,1
mathbbdcalh,1
mathbbdtextconsider,1
mathbbi2text,1
mathbbi3,1
mathbbk2,1
mathbbp21cal,1
mathbbp2g,1
mathbbp2textconnected,1
mathbbp2textproofgiven,1
mathbbp2textproofsuppose,1
mathbbr2,1
mathbbr3gamma,1
mathbbr4textas,1
mathbbcz0,1
mathbbs1text,1
mathbbs2infty,1
mathbbs2langle,1
mathbbt2gtextcopiestext,1
mathbbztexta,1
mathbfdhpq,1
mathbfndimensional,1
maybe,1
meaningfully,1
meanwhile,1
mg,1
mgon,1
millers,1
mathbbcz2i,1
mathbbctextto,1
ma,1
marching,1
magazine,1
magnitudesin,1
magnitudesproofthe,1
magnitudesthe,1
maniacally,1
manifest,1
manifestations,1
manifoldof,1
manner,1
manuscript,1
maphyperbolic,1
marcelo,1
marches,1
martin,1
mathbbctextthe,1
matched,1
matchednotice,1
materialchanges,1
math,1
mathbbccale,1
mathbbccaletext,1
mathbbccalm,1
mathbbccalt,1
mathbbchtext,1
mathbbctext12,1
mathbbctextone,1
mathbbctextprooffirst,1
mathbbctextproofto,1
levins,1
length8,1
invariants,1
jw,1
itself11,1
iw,1
iyprimettext,1
iyttext,1
january,1
jasper,1
jennifer,1
jim,1
journal,1
jr,1
jrthe,1
judicial,1
jump,1
k01ldotsn1,1
itext6,1
k22k,1
k22krtext,1
k2x2y2text,1
ka2pi2g,1
kai,1
kamp,1
kcdotxy,1
keigammar21rkeigamma2,1
keigammar2text,1
kfrac1s2text,1
kgt,1
kind,1
kindly,1
itextandphiq,1
itext2,1
kl,1
ioverlinez,1
inversion7,1
inversion9,1
inversions5,1
inversionsproofwe,1
investigated,1
investigates,1
investigation,1
investigations,1
involved,1
in 13,1
in 14,1
in 26,1
in 9,1
irightcdot,1
itall,1
irighttext,1
isbn10,1
isbn13,1
isin0,1
isinpi2,1
isinthetatext,1
island,1
isometries3,1
isotropicproofgiven,1
isotropy,1
it10,1
it8,1
italian,1
kitext,1
km,1
lenghths,1
leftfraclntanpi4p2dright2text,1
latter,1
laughs,1
launch,1
lboldsymbolr0,1
lboldsymbolr0text,1
leading,1
learning,1
leftfrac13frac12r25cdotsrighttext,1
leftfrac13s2,1
leftfrac1overlinepqq,1
leftfracbcright2,1
leftfracea,1
leftfracea2,1
leftfraczinftypzinftyqrightcdotfractzptzqtext,1
late,1
lefthand,1
leftint02pidthetarightleftint11x2frac2u2duright,1
leftrightarrow,1
leftxfracacright2leftyfracbcright2amp,1
leisurely,1
lemma 515,1
lemma 612,1
lemma 721,1
lemma 722,1
lemma 731,1
lemma 746,1
lemma 7463,1
lemma 774,1
latest,1
larissa,1
km2,1
kx22kxtext,1
knife,1
known,1
knows,1
koch,1
komatsu,1
koverlinep,1
kpq1text,1
kr2,1
krdrtext,1
ktext7,1
ktext8,1
ktext9,1
kv2,1
kxkytext,1
laps,1
kzz0,1
l52text,1
labelling,1
001rangle,1
lachiezerey,1
lambdacdot,1
lambdafrac3i332itext,1
lambdafracppatext,1
lambdafractzptzqtext,1
lambdafracwinftypwinftyqtext,1
lambdafraczpzpatext,1
lambdaoverlinelambda,1
lands,1
millimeters,1
million,1
minimal,1
pfrac1d,1
pause,1
pay,1
pcdotpa,1
pd2text,1
peace,1
peel,1
perform,1
period,1
permeate,1
permissible,1
personal,1
pesky,1
pevear,1
phi1,1
patching,1
phi10,1
phi10text,1
phi1mathbbc,1
phi1p,1
phi1qtext,1
phi1x,1
phi1xtext,1
phi1xy,1
phiabcd,1
phikabc,1
phiktext3,1
philosophers,1
phimathbbs2,1
patiently,1
past,1
phip2,1
p2text,1
overrightarrownplangle,1
overrightarrowvu,1
overrightarrowvwtext,1
overrightarrowzoztext,1
overview,1
owe,1
p1koverlinepztext,1
p1overlinepqbiggrighttext,1
p1overlinepqbiggtext,1
p1overlinepqrightrighttext,1
p1text,1
p2pwinftypzinfty,1
p2q2,1
pa1lambdatext,1
passions,1
pabctext,1
pail,1
paired,1
pairwise,1
paradoxes,1
parameterize,1
parameterized,1
parametric,1
paris,1
partial,1
partially,1
participate,1
partitioned,1
phimathbbs3,1
phipcdotphip,1
minimallength,1
point4,1
plus,1
pmathbbc,1
pmathbbi2,1
pmcdotpnr2s2text,1
pmcdotpns2r2text,1
pmpz0,1
pmq,1
pmrr,1
pneq,1
pneqinfty,1
pntext,1
po,1
poincarés,1
point5,1
plugging,1
point6,1
pointed,1
pointsbecause,1
poisson,1
pondered,1
pops,1
poring,1
portrayed,1
potext,1
pour,1
pours,1
powers,1
ppa,1
plural,1
plotting,1
photons,1
pioneered,1
pi10,1
pi22g2pichihgtext,1
pi2pi2,1
pi2sqrtktext,1
pi3text,1
pi8,1
pibigg2fracn2biggtext,1
pichicgtext,1
picptext,1
pictures,1
pileftfrac2u,1
pilots,1
pin,1
pisin2r2text,1
plotted,1
pisinr,1
pisinrtext,1
pisinrtextthe,1
pitextproofsince,1
pizza,1
places,1
planeprooflet,1
planeproofsuppose,1
planet,1
planewe,1
playing,1
pleasant,1
plopped,1
overrightarrownp,1
overrightarrowboldsymbolv0v,1
overlinezwamp,1
neighbors,1
n2pin,1
n3,1
n4,1
n8text,1
naive,1
named,1
nballs,1
nbi,1
ncomplex,1
nearby,1
needed,1
neighborhoods,1
neighboring,1
net,1
n1,1
newtons,1
night,1
nj,1
nondecreasing,1
none,1
nonetheless,1
noneucidean,1
nonidentity,1
nope,1
nor,1
nordstrom,1
norton,1
notag,1
n123texta,1
multiples,1
overlinezw,1
moments,1
minimum,1
mioverlinez,1
mirror,1
mirrorreversed,1
missed,1
missing,1
miz,1
mj,1
mn,1
model2,1
modeledeven,1
modelled,1
modified,1
morevoer,1
muddied,1
mother,1
motions,1
motivating,1
motivation,1
mp,1
mpcdotapmpcdotbptext,1
mphitchmancom,1
mpp,1
mppr,1
mqq,1
mqqntext,1
mqqr,1
mqz0q,1
noticeably,1
novel,1
nqo,1
overlinebetagammaz,1
or 11,1
ostriker,1
othertwo,1
otz0,1
ours,1
outer,1
out”,1
overall,1
overbracemathbbp2,1
overbracemathbbt2,1
overlap,1
overlaps,1
overlinealphafracoverlinewboverlinea,1
overlinebetaz,1
ntuples,1
overlinebiggfrac1overlinezbigg,1
overlineefracpi4iz,1
overlinegammaz,1
overlinelambda,1
overlineleftfracabar,1
overlinepa,1
overlineqtext,1
overlinetinfty,1
overlinez12i,1
overlinez1itext,1
overlinezcdot,1
overlinezoverlinewtext4,1
overlinezoverlinez1overlinez2overlinez3text8,1
oringial,1
originso,1
orienting,1
orientablea,1
nuclear,1
number9,1
observant,1
observed,1
observes,1
obsession,1
occupied,1
occurred,1
oct,1
octagons,1
oftquoted,1
ofxord,1
ok,1
old,1
oldest,1
oldfashioned,1
omit,1
onetenth,1
open2,1
oppositely,1
oprime,1
oprimetext,1
options,1
oq,1
oqtext,1
orange,1
ordinary,1
inversion3,1
invariant7,1
figure 7526,1
fracd2dr2left1fracr26s2fracr4120s4cdotsright,1
fracbcadcczdtext,1
fracbcadcz,1
fracbdtext,1
fracbeta,1
fracboldsymbolrprimettextimboldsymbolrtdttext,1
fracboldsymbolrtdelta,1
fracbv0z0,1
fracc2pi,1
fraccosalphacosbetacosgammasinalphasinbetatext,1
fracd2,1
fracd2dr2biggfrac2pi,1
fracd2dr2biggfracc2pi,1
fracd2dr2left1fracr23fracr45cdotsright,1
fracd2dr2leftfrac2pi,1
fracbaraz,1
fracd2dr2leftfracsfracrsfracr36s3fracr5120s5cdotsrright,1
fracdc,1
fracdcdaverta0sqrt2text,1
fracdcleftfracacright2leftfracbcright2,1
fracddrarcrtext6,1
fracddxcoshxsinhxtext,1
fracddxsinhxcoshx,1
fracdptext,1
fracduu2dtheta,1
fracdwh,1
fracdwhtext,1
fracdwtextimw,1
fracdww,1
fracbbar,1
fracbaktext,1
fracdxhdxhfracdwhtext,1
frac63iz23iz3amp,1
frac45ldots,1
frac4dw2ioverlineww,1
frac4dwwi2iw12,1
frac4dwwioverlinewiiw1ioverlinew1,1
frac4i112i,1
frac4i12i,1
frac4i2i,1
frac4kint0alpha,1
frac4pisin2r2pi,1
frac4pisinh2r2pi,1
frac4r1r22drdtheta,1
frac4w3w3text,1
frac6243i94,1
frac63iz23iz3text,1
fracbafracbar,1
frac813,1
frac8i13,1
fraca1cfracb1citext,1
fraca1csqrtkfracb1csqrtki,1
fraca2,1
fracac,1
fracactext,1
fracalphaaw,1
fracaz1,1
fracaz2,1
fracazbcz,1
fracazbczd,1
fracb1c0text,1
fracdwwfracwh,1
fracdz,1
frac3iz5zi,1
fracsqrt22itext,1
fracri2overlinezzizitext,1
fracrseithetabetatext,1
fracrxrstag1text,1
fracsinasinalpha,1
fracsinasinalphafracsinbsinbetafracsincsingammatext,1
fracsinbsinbetatext,1
fracsinhassinalphafracsinhbssinbetafracsinhcssingammatext,1
fracsinhbsinbetatext,1
fracsinhbsinhccos2theta,1
fracsinsqrtkasinalphafracsinsqrtkbsinbetafracsinsqrtkcsingammatext,1
fracsintheta1costhetatext,1
fracsqrt104,1
fracsqrt22,1
fracsqrt2eipi4sqrt18ei3pi4,1
fracrhorhoctext,1
fract0,1
fractanthetasectheta1text,1
fractextimalphacbiggtextand,1
fractures,1
fractz,1
fractzitz0lambdafracziz0text,1
fractzitz32ilambdafracziz32itext,1
fractzptzpa,1
fracw0w1cdotfrac3130,1
fracwinfty,1
fracwinftyqwinftyp,1
fracx,1
fracx21x2text,1
fracri,1
fracrhomrhocomegalambda,1
fracea12ea12,1
fracka2,1
fraceds,1
fraceithetaz,1
fraceithetaztext,1
fracfrac1r22rrfrac1r22rcdot,1
frach1,1
frach1x2hxh,1
frach1x2hxtext2,1
fraci1z2itext,1
fraciw1witext,1
fraciz11zi,1
fraciz1iz,1
fraciz1zitext,1
fraciz3i12iz1,1
fracka2text,1
fracrholambdarhocomegak,1
frackn2pi,1
fracleftfracboldsymbolrtdelta,1
fraclntanalpha22dbigg2,1
fracoverlinealpha,1
fracoverlinealphaoverlineaoverlinewdfracalpha,1
fracoverlinepoverlinelambdaoverlinepa1overlinelambda,1
fracpi2pi,1
fracpi2text,1
fracplambda,1
fracpzpqfracpqpztext,1
fracqp1overlinepq,1
fracr2overlinezzozo,1
fracr33fracr55cdotstext,1
frac3pi22thetaalphatext,1
frac3h28pi,1
intuitively,1
frac,1
forced,1
forever,1
forming,1
formone,1
formtwo,1
formularecall,1
forth,1
fortunately,1
forward,1
forxlt,1
foundation,1
fourdimensional,1
fourelement,1
frac0,1
foray,1
frac104frac12d,1
frac111icdotfraciii1,1
frac113itext,1
frac11ctext,1
frac11dtext,1
frac11i,1
frac11r2fracr21r2,1
frac11x,1
frac11xbiggdx,1
frac12biggrfrac1rbigg,1
frac12frac23,1
frac12itext6,1
frac12r2120s4,1
force,1
followssuppose,1
frac13eipi2,1
figure 824,1
figure 757,1
figure 758,1
figure 765,1
figure 7712,1
figure 7713,1
figure 7715,1
figure 8110a,1
figure 8110b,1
figure 8110d,1
figure 818b,1
figure 818c,1
figure 818d,1
figure 821,1
figure 825a,1
folded,1
figure 829,1
figure 831a,1
finer,1
finitearea,1
fit,1
fits,1
flattened,1
floating,1
floor,1
flying,1
focused,1
focuses,1
focusing,1
frac13,1
frac13ideal,1
frac34frac14itext,1
frac2dz1z2text,1
frac1z23text,1
frac1z2dtext,1
frac1z2z,1
frac1z2ztext,1
frac1zpdtext,1
frac2,1
frac21,1
frac21ifrac2i1i,1
frac21x2text,1
frac25fraci5text,1
frac2alphaktext,1
frac2dbiggfraciw1wibigg1biggfraciw1wi,1
frac2dz1z2,1
frac2i2lambda1itext,1
frac1y2dxdytext,1
frac2i32i,1
frac2i32icdotfrac32i32i,1
frac2iwidwiw1dwwi2biggbigg1fraciw12wi2biggtagchain,1
frac2k1k2cdotfrac2rr1r2,1
frac2k1k2cosgamma,1
frac2k1kr2,1
frac2kint12,1
frac2r1r2cdot,1
frac2r1r2cdotfrac2kr1k2,1
frac2sedse2ds1text,1
frac2z3z1,1
frac33i,1
frac34,1
frac1y2dydx,1
frac1xyi,1
frac15frac25itext,1
frac1p21q24textrepoverlineq1p21q2text,1
frac1c1cphiptext,1
frac1coshatext,1
frac1i,1
frac1i3,1
frac1k21k2sinhb,1
frac1k21k2textandsinb,1
frac1k22ktext,1
frac1kalpha,1
frac1kdt,1
frac1kpi,1
frac1kx,1
frac1overlinet1bar,1
frac1overlinez0text,1
frac1pqtext,1
frac1w,1
frac1r21k2,1
frac1r21r2,1
frac1r21r2cdotfrac1k21k2,1
frac1r21r2sinha,1
frac1r22r,1
frac1r22rfrac1r22rtanpi8i,1
frac1rkeigamma2,1
frac1seibeta,1
frac1seibetatext,1
frac1sinalphatext,1
frac1sqrt1x2dxtext,1
frac1tz,1
frac1tzp,1
fracx22fracx44cdots,1
fracx2y21,1
fracxt,1
imathbbs1c,1
icdot,1
icdtextproofassume,1
ici,1
icprimetext13,1
idealized,1
identically,1
identifiedwe,1
iefracpi2ioverlinez5i,1
ignited,1
ignore,1
illuminating,1
illustrate,1
imathbbs1,1
imathbbs1text,1
icc2,1
imathbbs1z,1
imbalances,1
imboldsymbolrt,1
implying,1
imprint,1
improved,1
imvtext,1
imwtext,1
imz2,1
imza,1
imzalt,1
imzlt,1
imztext,1
icd,1
i2z,1
incarnation,1
homogeneous2,1
hintrefer,1
hintsuppose,1
hintthink,1
hintthis,1
hintto,1
hinttrack,1
hintuse,1
hintview,1
histograms,1
hitting,1
homeomoprhic,1
homogeneity,1
homogeneitywise,1
homogeneous3,1
i2text,1
homogeneousit,1
homotopy,1
hopes,1
houses,1
hsm,1
httpaleph0clarkuedudjoycejavaelementselementshtml,1
httpcreativecommonsorglicensesbysa40,1
hungary,1
hungry,1
hxtext,1
hydrogen,1
i123text,1
i1st,1
inc,1
inches,1
fracyix1kxyitext,1
intentionally,1
int0xfrac11t2dt,1
int0xfrac211,1
int0xfrac2boldsymbolrprimet1,1
intabfrac21xt2,1
intabfrac21xt2sqrtxprimet2dttext,1
intalpha0,1
integrands,1
integrate,1
integration,1
intellect,1
intended,1
intensive,1
intent,1
interaction,1
int0alphaint01,1
interchanging,1
interest,1
interests,1
interior3,1
intermediate,1
international,1
interpretation,1
interrupt,1
intpi,1
intrinsic,1
introduce,1
introduces,1
intsqrt1x2infty,1
int0frac12frac21t2frac14dt,1
int02pisqrta2,1
incidentally,1
informally,1
independently,1
indirectly,1
indistinguishable,1
induces,1
inductively,1
inequalities,1
infer,1
inflate,1
inflated,1
inflates,1
inflating,1
inflation,1
inform,1
inftycdotfracsiinftysi0,1
int01sqrtkfrac4r1kr22drdthetatext,1
inftytext7,1
inftytextangles,1
inftytextnow,1
inftytextproofif,1
inherited,1
inheriting,1
inscribes,1
insist,1
inspired,1
inspiring,1
instant,1
instructions,1
instruments,1
hintrecall,1
hintprove,1
hintlet,1
gd,1
g0text,1
g3h2rholambda,1
g3h2rhom,1
g3rho,1
g3rhom,1
ga,1
gammabetatext,1
gangly,1
gang”,1
gaps,1
gardners,1
gave,1
gazing,1
generalize,1
fxy,1
generating,1
gentle,1
gently,1
geogebra,1
geometrical,1
geometrically5,1
geometry3,1
geometry4,1
geometry8,1
geometry9,1
geometryin,1
geometryit,1
geometryproofby,1
g0,1
future,1
hinthow,1
fraczp1overlinepztext,1
fracyt,1
fracz1,1
fracz11overlinez0z1z0cdotfraczz0z1overlinez0,1
fracz1iz,1
fracz1overlinez1,1
fracz1z0z1z0cdotfraczz0zz0text,1
fracz2z1,1
fraczboldsymbolrt1overlineboldsymbolrtztext,1
fraczi1iz22i,1
fraczinftypzinftyqtext,1
fracziz2cdotfrac121i,1
fraczp1,1
fraczp1koverlinepz,1
fraczqpqfraczqzptext,1
full,1
fraczuzvcdotfracwvwutext,1
fraczw,1
fraczwtext,1
fraczz0overlinez0z,1
fraczz2zz3cdot,1
framework,1
freezer,1
frequency,1
fretted,1
friedmanns,1
fruitful,1
ftb,1
ftext,1
geometryproofwe,1
geometrywe,1
geometrywise,1
heavens,1
gtextfor,1
guessing,1
guided,1
h0text,1
habits,1
halfplanedefine,1
hall,1
halves,1
hands,1
happiness,1
headed,1
headlong,1
health,1
helped,1
german,1
herewe,1
herself,1
hey,1
hgtext,1
higher,1
higherdimensional,1
highlighted,1
highly,1
him,1
himself,1
hintassume,1
hintby,1
hintfirst,1
gtext4,1
growing,1
grow,1
groups5,1
gesellschaft,1
gholed,1
gi,1
gigaparsecs,1
gktext,1
globally,1
globe,1
glue,1
goal,1
god,1
gods,1
god 2 ,1
gomero,1
gon,1
gone,1
gons,1
grams,1
grand,1
graphed,1
grapple,1
grateful,1
gratitude,1
greatest,1
greatness,1
grid,1
group4,1
grouped,1
“westbound”,1
