Letter,Frequency
the,1545
a,953
of,878
is,726
and,721
in,511
to,414
that,377
if,278
b,272
p,253
are,243
for,240
we,224
r,204
text,191
or,191
then,188
be,183
q,181
this,155
set,153
x,146
not,139
on,136
by,135
n,132
negate,130
statements,130
numbers,128
you,127
an,127
integers,125
induction,123
t,123
relations,122
f,114
as,113
rightarrow,112
license,109
it,109
statement,107
section,106
proof,105
relation,103
true,99
mathbb,96
all,96
c,95
btext,91
mathematical,89
example,89
logic,86
will,86
"",83
arguments,83
wedge,82
from,81
quantifiers,80
algorithm,79
which,79
functions,79
with,78
s,78
have,77
number,76
can,76
division,75
proofs,74
colophon,72
prove,71
truth,70
matter,69
cup,66
equivalence,66
m,66
document,66
definition,65
theorem,63
any,63
displaystyle,63
such,61
may,60
subseteq,59
principle,59
since,57
more,56
only,56
cap,56
free,55
let,55
reasoning,55
following,55
false,55
"endequation",54
"beginequation",54
d,54
prime,54
there,53
cardinality,53
atext,53
some,53
table,53
compound,52
each,50
than,50
but,49
must,49
three,47
two,47
propositional,46
between,45
notation,45
one,45
valid,45
integer,44
definitions,44
well,44
w,43
deductive,43
leftrightarrow,43
y,42
natural,42
tautologies,42
vee,42
documentation,41
i,41
arithmetic,40
fundamental,40
gnu,40
use,39
conditional,39
l,39
connection,39
contradictions,39
preface,39
same,38
forms,38
teachers,38
no,37
even,37
edition,37
other,37
index,36
version,36
ordering,36
back,36
mathematics,36
mid,36
pace,35
thomas,35
childs,35
these,35
front,35
also,35
deborah,35
strong,35
at,35
contributors,35
kimberly,35
judson,34
lesa,34
pretext,34
beverly,34
sets,34
authored,33
when,33
contents,33
rtext,33
show,32
has,32
"newcommandrangeoperatornameran",32
element,32
"newcommandgt",32
contentsprevupnext,32
skip,32
main,32
notice,32
"newcommandamp",32
so,32
"contentnewcommanddomainoperatornamedom",32
therefore,32
"newcommandnulloperatornamenull",32
"newcommandnotdividenotmid",32
"newcommandautoperatornameaut",32
"newcommandhomoperatornamehom",32
"newcommandlcmoperatornamelcm",32
"newcommandnotsubsetnotsubset",32
"newcommandinnoperatornameinn",32
"newcommandidentitymathrmid",32
"newcommandlt",32
"newcommandgfoperatornamegf",32
"newcommandcisoperatornamecis",32
"newcommandchroperatornamechar",32
"newcommandnegatesimnegmedspace",32
login,32
setssets,32
cdot,32
lpt,32
indexprevupnext,31
subset,31
first,30
copy,30
both,30
argument,30
qtext,30
called,30
stext,30
sections,30
leq,29
setminus,29
its,29
function,29
every,29
given,29
consider,29
exercises,29
elements,28
positive,28
x2,27
either,27
thus,27
infinite,27
under,27
conclusion,26
neq,26
subsection,26
list,26
k,25
your,25
reflexive,25
cdots,25
our,24
value,24
ordered,24
transitive,24
used,23
symmetric,23
overlinea,23
pairs,23
title,23
invariant,23
lt,22
times,22
onetoone,21
gt,21
below,21
notin,21
r1,21
using,21
utext,20
work,20
austin,20
odd,20
hypotheses,20
emptyset,20
case,20
define,20
common,19
least,19
hence,19
defined,19
would,19
texas,19
texts,19
whole,19
equivalent,19
ntext,19
ptext,19
capital,18
see,18
rational,18
ctext,18
âif,18
values,18
copyright,18
less,18
copies,18
find,18
cover,17
means,17
say,17
however,17
assume,17
modified,17
where,17
u,17
five,17
form,17
do,17
negation,17
multiple,16
geq,16
does,16
should,16
real,16
figure,16
denoted,16
study,15
bigtriangleup,15
p1,15
fn,15
state,15
second,15
sentences,15
different,15
determine,14
mathcal,14
law,14
their,14
while,14
what,14
entitled,14
contradiction,14
those,14
contains,14
terms,14
time,14
xtext,14
a2,14
distribute,14
they,14
documents,14
digit,13
inverse,13
considered,13
software,13
equal,13
smallest,13
z,13
divisor,13
general,13
part,13
works,13
provided,13
whose,13
hypothesis,13
most,13
exist,13
preserve,13
exists,13
correspondence,13
divides,12
make,12
us,12
was,12
bq,12
a1,12
greater,12
give,12
described,12
contrapositive,12
class,12
rn,12
equation,12
need,12
invalid,12
examples,12
words,12
suppose,12
original,12
dtext,12
include,12
published,11
ytext,11
many,11
q1,11
sentence,11
write,11
exactly,11
into,11
ldots,11
nonempty,11
"beginalign",11
fact,11
"endalign",11
public,11
converse,11
about,11
how,11
sim,11
method,11
universal,11
simply,10
"ldots",10
page,10
versions,10
negatep,10
âfor,10
conjunction,10
could,10
above,10
always,10
countably,10
chapter,10
useful,10
cannot,10
indicated,10
direct,10
diagram,10
wellordering,10
might,10
publisher,10
who,10
power,10
student,10
digraph,10
note,10
negative,10
often,9
overlinebtext,9
concept,9
beyond,9
knowledge,9
important,9
onto,9
covers,9
conditions,9
before,9
related,9
because,9
unless,9
tables,9
"text",9
add,9
unique,9
divide,9
last,9
students,9
e,9
backcover,9
previous,9
system,9
being,9
know,9
were,9
very,9
way,9
people,9
frontcover,9
carry,9
going,9
day,9
permission,9
four,9
p2,9
transparent,9
andor,9
single,9
disjoint,9
ar,9
finite,8
itself,8
disjunction,8
decimal,8
euler,8
titles,8
question,8
âp,8
basic,8
greatest,8
authors,8
new,8
foundation,8
r2,8
xâ,8
various,8
follows,8
etc,8
0k,8
after,8
evenâ,8
stated,8
things,8
ab,8
biconditional,8
paragraph,7
overlineb,7
actually,7
addition,7
âhistoryâ,7
just,7
get,7
justify,7
divisible,7
order,7
english,7
contain,7
course,7
px,7
possible,7
states,7
triangles,7
statisticsstephen,7
disclaimers,7
holder,7
implies,7
position,7
copying,7
provide,7
inductive,7
them,7
input,7
precisely,7
âis,7
emptysettext,7
product,7
symbols,7
interval,7
department,7
written,7
notices,7
logically,7
rains,7
now,7
another,7
verify,7
call,7
mmc,7
rewritten,7
based,7
name,7
listed,7
made,7
area,7
left,6
formats,6
impossible,6
representation,6
q2,6
good,6
remember,6
relatively,6
cartesian,6
allowed,6
listing,6
instead,6
otherwise,6
specific,6
verbatim,6
umbrellaâ,6
sometimes,6
read,6
output,6
gcdab,6
gcd,6
despised,6
warranty,6
zero,6
required,6
ways,6
2text,6
cows,6
ztext,6
classes,6
obtained,6
union,6
person,6
type,6
book,6
notsubseteq,6
qn,6
open,6
draw,6
certain,6
member,6
without,6
rights,6
primes,6
opaque,6
y2,6
n0text,6
sufficient,6
expressions,6
rule,6
idea,6
proposition,6
added,6
range,6
known,6
fish,6
whenever,6
included,6
follow,6
whether,6
square,6
necessary,6
domain,6
component,6
qtextâ,6
modify,6
here,6
illogical,6
axiom,6
his,5
though,5
cases,5
represent,5
violation,5
he,5
manage,5
translation,5
go,5
site,5
group,5
today,5
appendix,5
demonstrate,5
determined,5
fly,5
ps,5
domainr,5
modifications,5
begin,5
been,5
why,5
wish,5
next,5
subsets,5
successful,5
expression,5
property,5
properties,5
printed,5
working,5
available,5
pk,5
âthere,5
âsizeâ,5
bs,5
material,5
applies,5
mathematician,5
diagrams,5
persons,5
speak,5
appropriate,5
formula,5
wet,5
theoremâ 136,5
meaning,5
format,5
themselves,5
disprove,5
distinct,5
formal,5
certainly,5
clearly,5
several,5
sense,5
again,5
concepts,5
sequence,5
collection,5
conclude,5
types,5
combination,5
validity,5
combining,5
adding,5
indirect,5
criteria,5
larger,5
later,5
am,5
contraposition,5
overlined,5
secondary,5
understand,5
age,5
logical,5
found,4
combined,4
dj,4
r2text,4
arbitrary,4
occur,4
combinations,4
apply,4
difficult,4
fracnn,4
come,4
already,4
police,4
variety,4
satisfy,4
individual,4
permanently,4
met,4
âdedicationsâ,4
thanâ,4
year,4
pi,4
special,4
units,4
results,4
wellordered,4
legibly,4
objects,4
publish,4
modification,4
âendorsementsâ,4
nothing,4
according,4
school,4
says,4
off,4
involves,4
isosceles,4
quite,4
aggregate,4
exerciseâ 1323,4
complicated,4
syllogism,4
taks,4
take,4
asâ,4
problem,4
examine,4
0n,4
necessarily,4
considering,4
problems,4
kind,4
euclidean,4
network,4
etext,4
negatenegate,4
equiangular,4
equilateral,4
process,4
refer,4
tautology,4
teach,4
âacknowledgementsâ,4
arguement,4
double,4
consequently,4
â,4
xyz,4
recall,4
subject,4
easily,4
said,4
1text,4
â¶,4
associated,4
alarm,4
up,4
explain,4
âaustin,4
suitable,4
babies,4
existential,4
perfect,4
released,4
indicates,4
particular,4
shows,4
sn0,4
similar,4
requires,4
sn,4
mark,4
ranger,4
generic,4
ones,4
like,4
grouping,4
requirement,4
overline46,4
graphical,4
series,4
void,4
line,4
grade,4
quantifier,4
âlet,4
415text,4
through,4
answer,4
rather,4
raining,4
major,4
âm,4
qi,4
d11,4
deal,4
replace,4
designed,4
understanding,4
furthermore,4
further,4
âifthenâ,4
representing,4
detachment,4
shaded,4
able,4
represented,4
obtain,4
location,4
represents,4
thinking,4
âorâ,4
counterexample,4
claim,4
rectangle,3
paired,3
june,3
prominent,3
image,3
ktext,3
once,3
rules,3
implications,3
qis,3
propositions,3
substitute,3
hold,3
ith,3
historical,3
"ql",3
holds,3
language,3
factorization,3
factâ 3115,3
j,3
m2,3
proofconsider,3
had,3
nature,3
pa,3
symbol,3
prior,3
similarly,3
names,3
except,3
identify,3
preceding,3
namely,3
hand,3
principal,3
existing,3
h,3
pair,3
ever,3
proper,3
rectangles,3
received,3
refers,3
existence,3
examining,3
high,3
human,3
surely,3
feet,3
situation,3
small,3
r5,3
put,3
sea,3
snowing,3
instance,3
puzzles,3
remainder,3
independent,3
medium,3
pis,3
maps,3
relationship,3
option,3
merely,3
saying,3
me,3
forming,3
markup,3
out,3
frequently,3
purpose,3
mathematicians,3
lewis,3
result,3
future,3
realize,3
g,3
respects,3
resulting,3
others,3
specifically,3
reader,3
noted,3
mapped,3
methods,3
proven,3
nonzero,3
manual,3
none,3
steps,3
linear,3
few,3
females,3
full,3
remark,3
qâ,3
streets,3
moreover,3
reinstated,3
nobody,3
mth,3
require,3
r2reflexive,3
possibly,3
manuals,3
skills,3
sqrt5,3
reversing,3
placed,3
passage,3
reasonable,3
fit,3
parts,3
file,3
nonnegative,3
georg,3
sk,3
parentheses,3
inches,3
reasonably,3
kitten,3
exercise,3
college,3
translations,3
"5",3
body,3
test,3
chosen,3
divided,3
verified,3
distribution,3
argue,3
venn,3
birds,3
â¶an,3
choose,3
better,3
defining,3
y2text,3
egypt,3
eight,3
âit,3
di1,3
di2,3
disjunctions,3
answers,3
textâ,3
arb,3
xy,3
applied,3
dot,3
appear,3
denote,3
consisting,3
â2,3
carroll,3
de,3
carefully,3
application,3
cantor,3
condition,3
components,3
textbook,3
applying,3
approach,3
together,3
although,3
dodgson,3
actual,3
texasâ,3
compute,3
designate,3
countable,3
6text,3
defines,3
combine,3
variables,3
author,3
worth,3
xpxtext,3
taken,3
coldâ,3
assessment,3
assumption,3
entity,3
counting,3
crocodile,3
word,3
05text,3
directly,3
colette,3
b2,3
0text,3
axioms,3
d22,3
clear,3
a3,3
end,3
did,3
become,3
attempt,3
claimed,3
theoremâ 137,3
d12,3
win,3
commonly,3
xry,3
d21,3
â¶in,3
encounter,3
ttext,3
atextâ,3
collections,3
"r2",2
old,2
rxy,2
confusing,2
ai,2
job,2
r1text,2
jana,2
columns,2
âall,2
until,2
conclusions,2
usually,2
concerns,2
upon,2
compilation,2
"rn",2
commons,2
large,2
commercially,2
r4,2
role,2
lawn,2
algebraic,2
laws,2
rows,2
complement,2
ra,2
r3,2
race,2
along,2
complete,2
complex,2
comes,2
kittens,2
key,2
composite,2
program,2
âandâ,2
corporation,2
inclusion,2
incorporated,2
indeed,2
uncountable,2
countless,2
underlying,2
overall,2
infinity,2
copyrightable,2
copyleft,2
copied,2
outside,2
abr,2
abrcd,2
including,2
includes,2
courses,2
create,2
created,2
unaltered,2
attempting,2
umbrella,2
imply,2
overline6,2
overline7,2
qualified,2
cross,2
twoâ,2
âhamletâ,2
sequences,2
d1,2
uniqueness,2
âentitled,2
unnecessary,2
construct,2
introduce,2
saturday,2
additional,2
constructing,2
"r",2
investigate,2
involved,2
informal,2
satisfied,2
adjacent,2
connective,2
connecting,2
item,2
adjustment,2
intersection,2
continue,2
interpreted,2
internet,2
intending,2
contradict,2
contradicts,2
organization,2
questions,2
university,2
access,2
contrast,2
accept,2
contributions,2
convenience,2
quantity,2
united,2
contained,2
numbering,2
review,2
whereas,2
men,2
bn,2
bk,2
mermaids,2
bivalent,2
bit,2
bianca,2
building,2
middle,2
argued,2
noncommercially,2
minuet,2
minus,2
best,2
areas,2
arbtext,2
went,2
release,2
bqtext,2
bracket,2
nor,2
brief,2
y2textâ,2
arabicâ,2
matters,2
"bsq",2
mathematicslogic,2
notationally,2
yard,2
wealthy,2
notes,2
mod,2
benefit,2
belongs,2
within,2
wtext,2
recommend,2
never,2
receipt,2
augustus,2
needs,2
aware,2
ax2,2
named,2
xml,2
b3,2
reference,2
n1text,2
asking,2
regarding,2
whiskers,2
wise,2
my,2
base,2
asked,2
basis,2
multiauthor,2
region,2
moving,2
registered,2
xtextâ,2
morgan,2
arrive,2
relating,2
xyzâ,2
math,2
bx,2
observe,2
chineseâ,2
d13,2
likewise,2
limit,2
limited,2
circumstances,2
anybody,2
lists,2
marked,2
republish,2
lives,2
null,2
children,2
check,2
log,2
citizens,2
city,2
research,2
resources,2
responsible,2
clarity,2
library,2
"vdots",2
rest,2
restate,2
lets,2
ranger1,2
variable,2
lemma,2
legal,2
yx,2
observations,2
charles,2
characteristics,2
changing,2
november,2
c2,2
march,2
mapping,2
map,2
waltz,2
careful,2
makes,2
remembering,2
yet,2
casebycase,2
yield,2
machinereadable,2
repeated,2
yields,2
ludwig,2
changes,2
visual,2
appearance,2
repeatedly,2
reach,2
anything,2
loop,2
replaced,2
looking,2
report,2
look,2
long,2
ntext8,2
versionâ,2
representations,2
server,2
creative,2
d14,2
fitted,2
final,2
âtransparentâ,2
âtitle,2
dogs,2
pj,2
publicly,2
âtextâ,2
fall,2
textsâ,2
squares,2
doctors,2
"25",2
th,2
djj,2
place,2
plane,2
text4,2
done,2
dora,2
stating,2
pstext,2
plays,2
fibonacci,2
dots,2
pn,2
ferdinand,2
poet,2
familiar,2
falsity,2
stir,2
draft,2
foot,2
forall,2
foralltext,2
frac12,2
di7,2
di8,2
friday,2
di9,2
purposes,2
freedom,2
theory,2
"2text",2
difficulty,2
somewhere,2
source,2
digraphs,2
directed,2
specified,2
specifies,2
pictorial,2
permit,2
âproveâ,2
publishers,2
forth,2
phillip,2
discovering,2
d15,2
discussed,2
formatters,2
theorems,2
philosophical,2
formalize,2
phrases,2
distinction,2
fallacy,2
fail,2
di5,2
summer,2
exampleâ 4222,2
task,2
empty,2
sure,2
primarily,2
sunny,2
previously,2
drawing,2
teacher,2
eliminate,2
â¶as,2
13let,2
sum,2
teeth,2
exampleâ 4218,2
exampleâ 413,2
exampleâ 221,2
exampleâ 112,2
ensure,2
10text,2
probably,2
everyone,2
systematically,2
eventually,2
02n,2
015text,2
euclid,2
processors,2
equations,2
established,2
essentially,2
electronic,2
explaining,2
explicit,2
ââ,2
proving,2
dtd,2
216let,2
ducks,2
studied,2
postscript,2
earlier,2
sublicense,2
easy,2
provides,2
subsequent,2
edge,2
factâ 1220,2
facts,2
edges,2
explicitly,2
edit,2
factor,2
termination,2
"20",2
"2",2
effect,2
f1,2
proprietary,2
present,2
presented,2
terminate,2
tell,2
sue,2
president,2
di6,2
neither,2
sizes,2
throughout,2
goes,2
dd,2
siteâ,2
dealing,2
giving,2
d3,2
gives,2
decide,2
d29,2
parties,2
dance,2
d28,2
partitioned,2
thought,2
delete,2
geometric,2
denial,2
âno,2
smart,2
generalization,2
days,2
"a",2
derivative,2
frontmatter,2
simple,2
half,2
âleqâ,2
"45",2
âmassive,2
translate,2
pageâ,2
pages,2
great,2
shown,2
overlinex,2
806â18,2
hearts,2
graph,2
tomorrow,2
granted,2
graduates,2
help,2
"qstext",2
shorter,2
d27,2
pairing,2
describe,2
detail,2
d19,2
dhr,2
html,2
d24,2
gcda,2
sgml,2
funny,2
develop,2
soda,2
d25,2
designated,2
third,2
d23,2
d26,2
di3,2
di4,2
overlineatext,2
d16,2
d17,2
pdf,2
ftext,2
description,2
d2,2
d18,2
pattern,2
pxtext,2
wwould,1
pronounced,1
"qn",1
âgeqtextâ,1
â¶another,1
quad,1
qtextâtwo,1
âinverseâ,1
â¶31,1
âfreeâ,1
âlargerâ,1
âinvariant,1
âfive,1
protocols,1
"qltext",1
âleqtextâ,1
â©2019,1
â©,1
programs,1
rearrangedproofuniqueness,1
âendorsementsâ6,1
qltext,1
rearranged,1
â¶unlike,1
â¶three,1
qn1,1
x1,1
xref,1
âless,1
â¶the,1
â¶edition,1
â¶for,1
â¶suppose,1
xn,1
proofto,1
âgnu,1
â¶let,1
âhandsomeâ,1
â¶logic,1
xpx,1
qualify,1
â¶one,1
â¶this,1
âhas,1
âincorporateâ,1
xx,1
"x2",1
qtaks,1
x2y,1
x4,1
qtextit,1
â¶by,1
âgeqâ,1
proposed,1
quantified,1
recalling,1
xcf,1
qualities,1
xrytext,1
â¶deductive,1
ztext9,1
âdetachedâ,1
âyouâ,1
purchases,1
âproofs,1
zâ,1
publishes,1
âproofâ,1
â13,1
â,1
pxtextâ,1
ranger3,1
pâ,1
â13,1
âprovingâ,1
ânice,1
âaggregateâ,1
ranger4,1
âpublisherâ,1
âsecondary,1
publicstandard,1
âat,1
ânegationâ,1
âpreserve,1
ytext10,1
ân,1
rangeftext,1
ztext8,1
ztext13,1
âopaqueâ,1
putting,1
rain,1
ztext12,1
zeros,1
âoilerâ,1
"r3",1
rainingâ,1
pwe,1
purposefully,1
âor,1
ytextâ,1
ânot,1
âpairâ,1
random,1
ytext11,1
rangef,1
"r1",1
publicity,1
âx2,1
reading,1
yesterday,1
provisionally,1
provisional,1
realization,1
âwhen,1
âdisproveâ,1
âwithâ¦,1
âdocumentâ,1
âeligible,1
q2text,1
âx,1
quickly,1
years,1
really,1
providing,1
year10,1
q3,1
âltâ,1
âlives,1
âmmc,1
readers,1
ranger5,1
âw,1
âthis,1
âbabies,1
rangertext,1
âunless,1
pstext40,1
rarely,1
pstext39,1
âccbysaâ,1
yours,1
âuse,1
âmore,1
âmodified,1
âmmcâ,1
reaching,1
âcopyleftâ,1
prudent,1
proxys,1
proxy,1
âcover,1
ranger2,1
tableâ 1211,1
recognition,1
society,1
something,1
someone,1
solve,1
solutions,1
therein,1
solution,1
think,1
social,1
recognize,1
snowingâ,1
thor,1
thoroughly,1
smaller,1
sk1is,1
thoughts,1
six,1
somewhat,1
theoremâ 533,1
speaks,1
specification,1
sqrt64,1
sqrt5text,1
sqrt2,1
"the",1
sq,1
sprinkler,1
spirit,1
theoremâ 4223,1
theoremâ 515,1
spent,1
spend,1
theoremâ 522,1
spelling,1
specifying,1
specify,1
thwart,1
title9,1
titleâ,1
transtive,1
showed,1
treated,1
trees,1
shorthand,1
shortest,1
trick,1
truea,1
short,1
trueâ,1
shopping,1
trueâsimilarly,1
she,1
sharks,1
shark,1
shakespeare,1
showing,1
translating,1
toa,1
translates,1
tone,1
too,1
tool,1
simplified,1
simpler,1
tools,1
totally,1
toâ,1
trademarksâ¢,1
traditionally,1
train,1
transitivity,1
translated,1
sides,1
sick,1
textual,1
textthen,1
squares5,1
takes,1
suspect,1
taller,1
supposedly,1
taught,1
support,1
teachable,1
summarize,1
technical,1
tedious,1
suit,1
television,1
subunit,1
subtle,1
substitution,1
terminated,1
talking,1
symbolically,1
substantial,1
symbolism,1
tableâ 1214,1
tableâ 1217,1
tableâ 1221,1
tableâ 123,1
tableâ 126,1
systems,1
tableâ 128,1
tableâ 133,1
systematic,1
tableâ 135,1
tableâ 139,1
tableâ 145,1
tableâ 212,1
tail,1
tails,1
substituting,1
substance,1
"texts",1
text11,1
text14,1
text29,1
stephen,1
stepbystep,1
text3,1
text8,1
textamong,1
start,1
textand,1
stands,1
standardconforming,1
textandquad,1
standard,1
stand,1
stan,1
text12,1
stextâ,1
terminates,1
still,1
subsetneq,1
subseteqtext,1
subsequently,1
subsectionâ a3,1
subsectionâ a2induction,1
subsectionâ 311,1
studying,1
texinfo,1
structure,1
stronger,1
string,1
stress,1
street,1
straightforwardly,1
storage,1
truman,1
separate,1
typical,1
vital,1
remains,1
remaining,1
voluminous,1
voyage,1
want,1
wanted,1
warranties,1
remain,1
washington,1
watched,1
weaker,1
relicensingâ,1
web,1
website,1
wednesday,1
volume,1
remove,1
wellorderedthe,1
visualizing,1
requiring,1
vein,1
verification,1
requested,1
reproduced,1
version5,1
vertex,1
vertices,1
replacing,1
virtually,1
rephrased,1
repetitionso,1
repeating,1
visible,1
visualized,1
relicensingaddendum,1
relicensing,1
respective,1
wondering,1
referring,1
references,1
reference1,1
redistributing,1
redistribute,1
red,1
recursively,1
recursive,1
world,1
worldwide,1
writer,1
recorded,1
writers,1
writing,1
wrote,1
wonderland,1
regardless,1
releasing,1
regards,1
relative,1
whatsoever,1
relationships,1
relationsexerciseintegersmod5,1
relation5,1
relation4,1
relation3,1
whoever,1
whould,1
relates,1
wide,1
widely,1
wiki,1
registeredâ®,1
wind,1
resident,1
vastly,1
typically,1
season,1
universitybeaversbdsfasuedu,1
scientist,1
sciences,1
science,1
universitybeverlyllsfasuedu,1
"sbtext",1
sbtext,1
universitycrichardsonsfasuedu,1
universitydpacesfasuedu,1
universityjudsontwsfasuedu,1
universitykchildssfasuedu,1
universitylongjhsfasuedu,1
unlike,1
unlimited,1
san,1
scope,1
secondarily,1
"s2text",1
uniqueprooflet,1
sending,1
ultimate,1
send,1
segments,1
segment,1
seen,1
seem,1
understood,1
security,1
sectionâ 13,1
sectionâ 11,1
uniquely,1
sectionâ,1
sectionsâ,1
section3,1
unmodified,1
s2,1
valuemost,1
v,1
richardson,1
rhombuses,1
rewrite,1
revisions,1
revising,1
revised,1
reversible,1
reversed,1
reverse,1
return,1
validate,1
retitle,1
t2,1
validated,1
validâ,1
right,1
"right",1
unnoticed,1
utextproofby,1
unrelated,1
s11rtext,1
"s",1
unresolved,1
unteachable,1
russia,1
rtextthen,1
rtexta,1
updated,1
upâ,1
usa,1
rq,1
royaltyfree,1
users,1
utext33,1
retailers,1
letter,1
produced,1
corresponding,1
ctext23,1
ctext12,1
crocodilesâ,1
"crocodile",1
critical,1
credit,1
creation,1
creating,1
couple,1
counterexamples,1
counted,1
count,1
corollary,1
ctext30,1
copies3,1
convincing,1
convince,1
converted,1
conventions,1
convenient,1
control,1
contributor,1
contrary,1
contrapostive,1
continuing,1
contemptible,1
ctext28,1
ctext7,1
cc,1
d41,1
d53,1
d52,1
d51,1
d5,1
d49,1
d48,1
d47,1
d46,1
d45,1
d44,1
d43,1
d42,1
d4,1
cumulative,1
d39,1
d38,1
d37,1
d36,1
d35,1
d34,1
d33,1
d32,1
d31,1
d2text,1
d22text,1
cure,1
containing,1
contact,1
construction,1
citizen,1
coke,1
code,1
cloudy,1
cloud,1
closed,1
clint,1
climb,1
clever,1
classify,1
class3,1
class11,1
claims,1
cities,1
constructed,1
circles,1
circle,1
chris,1
choosing,1
choice,1
change,1
chance,1
chain,1
cessation,1
centered,1
cease,1
"cdots",1
cold,1
collaboration,1
collaborationâ,1
comfortable,1
constantly,1
consists,1
consequence,1
connect,1
congruent,1
congruence,1
confuse,1
conform,1
conflict,1
conference,1
concrete,1
concerned,1
conceptualizing,1
computernetwork,1
computer,1
comprised,1
composed,1
completely,1
complements,1
compilations,1
compensation,1
comparison,1
comparing,1
commercial,1
comment,1
d54,1
d55,1
d56,1
during,1
elments,1
eligible,1
elementproofwe,1
elementary,1
eggs,1
eg,1
efforts,1
effective,1
education,1
editors,1
editor,1
edited,1
duration,1
domainr1,1
dueâ1821329,1
dueâ1625223,1
drawings,1
"dq",1
dq,1
download,1
doubts,1
dosage,1
domainr5,1
domainr4,1
domainr3,1
domainr2,1
else,1
emphasis,1
emphasize,1
emphasizes,1
esoteric,1
equivelent,1
equivalency,1
equate,1
equally,1
eqiuivalence,1
enumerates,1
enumerate,1
entities,1
entirely,1
entire,1
entertaining,1
entering,1
entered,1
enough,1
engineering,1
endorsements,1
endorsement,1
endless,1
endeavor,1
encountered,1
enclose,1
emptysettext24,1
employing,1
employ,1
domainr1text,1
doing,1
d57,1
deduce,1
"despised",1
descriptions,1
describing,1
describes,1
derivatives,1
depth,1
depending,1
demorgans,1
definitionâ 4221,1
definitionâ 4111,1
deeply,1
deduced,1
dedications,1
document7,1
decreasing,1
decline,1
decision,1
deals,1
dallas,1
daily,1
d9,1
d8,1
d7,1
d6,1
d59,1
d58,1
determination,1
determining,1
developing,1
dh,1
document4,1
document11,1
"document",1
dm,1
dktext,1
dks,1
divisions,1
div,1
distributes,1
distributed,1
distinguishing,1
distinguish,1
display,1
dispised,1
discussions,1
discussing,1
discuss,1
discourage,1
disclaiming,1
disclaimer,1
disagreement,1
digesting,1
difficulties,1
differ,1
dictate,1
ccbysa,1
caution,1
ethical,1
a1in,1
abtext,1
absence,1
abilities,1
abcd,1
aa,1
a5,1
a4,1
a37,1
a2text,1
a26,1
a25,1
a1text,1
a14,1
acceptance,1
9999ldots,1
99999ldots,1
832â1898,1
7text6,1
"6",1
"556000000000ldotstext",1
555999999999ldots,1
4â22,1
4â22,1
"45text",1
45text,1
43consider,1
abtext10,1
accessible,1
causes,1
agree,1
america,1
alternatives,1
alternatively,1
alternate,1
alter,1
allows,1
alike,1
alices,1
algebra,1
aleph0,1
aleph,1
ak,1
aggregation,1
account,1
aggregate8,1
agents,1
afternoons,1
adventures,1
adopt,1
addressed,1
address,1
addendum,1
adapt,1
activity,1
acting,1
acknowledgements,1
42for,1
41for,1
3text2,1
13every,1
217let,1
215let,1
215consider,1
213let,1
212let,1
212consider,1
211the,1
20text,1
19let,1
17the,1
15figureâ 414,1
14consider,1
13each,1
3text,1
13charles,1
12for,1
12each,1
118we,1
117we,1
116we,1
114if,1
113consider,1
112if,1
112consider,1
0kb,1
"05",1
218consider,1
219consider,1
220some,1
222suppose,1
38the,1
35consider,1
34the,1
34as,1
33we,1
32we,1
32the,1
"3",1
2n,1
29let,1
29consider,1
28the,1
27let,1
25the,1
25text,1
25let,1
"250000000000000000ldots",1
24the,1
24let,1
"24",1
23the,1
23text,1
22the,1
225consider,1
224let,1
american,1
amount,1
annual,1
believe,1
born,1
borders,1
book4,1
bodies,1
board,1
blocks,1
bills,1
bijectionyou,1
bijection,1
big,1
biconditonal,1
belong,1
beinggeneral,1
backward,1
behalf,1
beginning,1
becomes,1
beavers,1
beautiful,1
bd,1
bctext,1
bb,1
baskets,1
basket,1
bark,1
bar,1
boston,1
bratextyou,1
breakfast,1
brian,1
cause,1
cats,1
categorize,1
cars,1
cantors,1
calls,1
california,1
calculus,1
calculate,1
calcium5,1
buying,1
business,1
btextâ,1
btextproofthis,1
btextproofsuppose,1
btext9,1
btext32,1
btext27,1
btext25,1
btext22,1
"btext",1
"bstext",1
bstext,1
brother,1
british,1
bad,1
"baby",1
anotice,1
arguing,1
ask,1
ascii,1
arrows,1
arrow,1
arrived,1
arrangements,1
arrangement,1
arranged,1
arq,1
around,1
arm,1
arise,1
aratextit,1
baby,1
arabic,1
approved,1
appropriately,1
approaches,1
applications,1
applicants,1
applicable,1
applicability,1
appendices,1
apparent,1
anytime,1
anyone,1
aspect,1
assert,1
assigned,1
association,1
ba,1
b2a,1
"b",1
awards,1
avoid,1
aviary,1
avengers,1
automatically,1
automatic,1
authorship,1
authorizes,1
authoritative,1
august,1
attributionshare,1
attributeâ ,1
attend,1
attack,1
atextwhile,1
atextat,1
atext31,1
ate,1
assure,1
assumptions,1
assuming,1
assumed,1
especially,1
even7,1
produce,1
morning,1
nacogdoches,1
n4,1
n3,1
n2text,1
n2,1
n1,1
n0,1
"n",1
multiples,1
much,1
mtext,1
movie,1
morgans,1
national,1
month,1
money,1
monday,1
modifying,1
minimal,1
mind,1
mince,1
metric,1
merge,1
mentioned,1
members,1
meets,1
"name",1
naturally,1
ldotstext,1
nonsense,1
ntext2,1
notsim,1
notmid,1
notions,1
noting,1
notify,1
notifies,1
noticed,1
notgeq,1
notforprofit,1
nontrivial,1
nonsensical,1
noneuclidean,1
naught,1
nn,1
night,1
nice,1
nevertheless,1
networkusing,1
negations,1
negationnotice,1
negating,1
negated,1
needed,1
necessitate,1
near,1
medicine,1
media,1
measures,1
"0",1
linking,1
limn,1
likes,1
life,1
licensing,1
licenseâ,1
licenses,1
licensee,1
licensed,1
license2,1
"license",1
letters,1
lend,1
measurement,1
lemmaâ a25,1
lemmaâ 531,1
lemmas,1
legs,1
leaving,1
leave,1
learned,1
learn9,1
learn,1
leads,1
leading,1
lead,1
"list",1
lived,1
living,1
locations,1
meanings,1
maybe,1
mathematicallogical,1
match,1
marks,1
man,1
malfunction,1
males,1
making,1
majors,1
machinegenerated,1
machine,1
loves,1
lover,1
love,1
lots,1
loops,1
looks,1
lookingglass,1
looked,1
longer,1
logicians,1
logician,1
logicalâ,1
"logical",1
ntext3,1
ntext5,1
ntext6,1
perhaps,1
plain,1
places,1
"pktext",1
"pk",1
pjtext,1
pixels,1
pies,1
pieces,1
piece,1
picture,1
perspective,1
permitted,1
per,1
parallelogram,1
peppers,1
pen,1
peer,1
pctext,1
"pbstext",1
pbstext,1
pb,1
pay,1
past,1
passages,1
part16,1
parallels,1
play,1
plus,1
png,1
pntext,1
processing,1
proceeding,1
proceed,1
procedure,1
principles,1
principally,1
primesproofwe,1
prime3,1
prime2,1
prices,1
prevupnext,1
prevail,1
preserves,1
prefixing,1
preconceived,1
preamble,1
"pr",1
pr,1
poultry,1
potential,1
postive,1
possesses,1
portion,1
political,1
points,1
parallelograms,1
parallel,1
ntext7,1
obviously,1
onttoone,1
onesemester,1
omit,1
oldest,1
ofâ,1
ofn,1
officers,1
office,1
odds,1
october,1
ocean,1
occurs,1
obstruct,1
paradoxes,1
observing,1
o,1
nx,1
numbersâ,1
numbersyou,1
numbersthis,1
numbersthe,1
numbersnow,1
numbersat,1
numberprooflet,1
numbered,1
ntext9,1
operations,1
operator,1
opinions,1
opposed,1
paradox,1
pairwise,1
paint,1
pacific,1
p1text,1
"p",1
oxford,1
owners,1
overlinextext,1
overlinettextin,1
overlineoverlinea,1
overlineatext26,1
overlineataks,1
overline9,1
overline8,1
overline46text,1
overline23,1
overline1015text,1
overline10,1
over,1
ostriches,1
ostrich,1
origin,1
ordinary,1
opposite,1
"ldotstext",1
lcmabtext,1
everyday,1
figureâ 438,1
forced,1
followed,1
focus,1
flyâ,1
flow,1
fixed,1
fitting,1
fishes,1
firm,1
fire,1
finally,1
filling,1
figureâ 4226,1
formally,1
figureâ 4116,1
figureâ 4115,1
figureâ 317â3110,1
figureâ 226,1
figureâ 224,1
figureâ 222,1
figures,1
fields,1
fewer,1
feel,1
faster,1
falseâ,1
formalistic,1
formulating,1
lcmab,1
fracn3n,1
gcdac,1
gcdabc,1
gcd120,1
game,1
fw,1
functional,1
fruit,1
frist,1
freshman,1
freedoms,1
francisco,1
fraction,1
fracn2n,1
"foundation",1
fracn2,1
fracn,1
frac48,1
frac46,1
frac23,1
frac1nn,1
frac16,1
frac11,1
frac1015,1
frac03,1
fourth,1
foundations,1
falsein,1
fallacies,1
fails,1
exerciseâ 4217â42113,1
extremely,1
extracted,1
extract,1
extensively,1
extend,1
expressly,1
express,1
existsâ,1
existstext,1
existenceanduniqueness,1
exhibits,1
exhibit,1
exerciseâ 31221â31233,1
factâ 3115for,1
exerciseâ 3121,1
exerciseâ 2351,1
exclusively,1
exclusive,1
exchange,1
exampleâ 4219,1
exampleâ 419,1
exampleâ 233,1
exampleâ 211,1
exam,1
evolve,1
everywhere,1
eyes,1
f2,1
f2n,1
f2x,1
factâ 31159,1
factâ 31158,1
factâ 31157,1
factâ 31156,1
factâ 31155,1
factâ 31154,1
factâ 311537,1
factâ 311520,1
factâ 311519,1
factâ 311518,1
factâ 311517,1
factâ 311516,1
factâ 311515,1
factâ 311514,1
factâ 311513,1
factâ 311512,1
factâ 311511,1
factâ 311510,1
factors,1
factorial,1
facilities,1
fa2,1
fa1,1
fa,1
"f2x12x1122x2x",1
gcdas,1
gcdbc,1
gcdrb,1
inoverline46text,1
intersections,1
intersect,1
interpreting,1
interpret,1
interested,1
interchangeable,1
intent,1
intended,1
instruction,1
insight,1
insert,1
ins,1
initial,1
inclined,1
infty,1
informally,1
influenced,1
infinities,1
infinitewe,1
infinitely,1
inescapable,1
inductively,1
individually,1
indefinitely,1
inconvenient,1
inclusive,1
introduces,1
involve,1
involving,1
issue,1
lcma,1
lawsthe,1
latter,1
latex,1
lack,1
labeling,1
labeled,1
label,1
ktext6,1
"kstext",1
knows,1
justification,1
jusitify,1
junior,1
jump,1
july,1
judsonnacogdoches,1
jth,1
jtext,1
jpg,1
jane,1
itemâ 4,1
itemâ 3,1
it10,1
issues,1
inclusionâwithout,1
inc,1
gcdrs,1
gone,1
harry,1
harder,1
hard,1
happened,1
happen,1
handsome,1
groups,1
grew,1
green,1
grants,1
governing,1
gorilla,1
"gnu",1
implied,1
glance,1
gets,1
german,1
george,1
geometry,1
geometries,1
geometrically,1
generations,1
generated,1
generate,1
generally,1
generalize,1
having,1
heard,1
heart,1
heavy,1
implication,1
immediately,1
images,1
illustration,1
illustrate,1
illogicalâ,1
ii,1
iff,1
ie,1
identical,1
hydrant,1
httpwwwgnuorgcopyleft,1
httpwwwfsforg,1
httpfacultysfasuedujudsontwlptindexhtml,1
hour,1
hot,1
home,1
holders,1
history,1
hiring,1
herein,1
her,1
hemsworth,1
helpful,1
height,1
â¶version,1
